지역,연도,세부영역,당해계획예산_백만원_provisional,사업수,예산결측_사업수,CPI_지수,CPI_기준연도,당해계획예산_실질_백만원_provisional,전년대비_실질증감률_pct_provisional,전체인구_명,인구1인당_실질예산_원,log1p_인구1인당_실질예산,세부영역_재정대응지수_z,세부영역_재정대응점수_0_100
강원,2016,1-1. 고용여건,2743.0,2,0,83.786765,2024,3273.7867370819245,,1550806,2111.022743709996,7.65540141357025,-0.6083914330872594,68.52863421951697
강원,2017,1-1. 고용여건,7783.0,7,0,85.339636,2024,9120.029525319278,178.5773863036777,1550142,5883.351025466879,8.680051737567117,-0.02289610733460889,77.70096672864183
강원,2018,1-1. 고용여건,0.0,0,0,86.797969,2024,0.0,-100.0,1543052,0.0,0.0,-4.9827634890310195,0.0
강원,2019,1-1. 고용여건,61357.0,23,0,87.068452,2024,70469.84136113962,inf,1541502,45715.05023096929,10.730204723778135,1.1485815786550353,96.05326159812574
강원,2020,1-1. 고용여건,20929.0,43,0,87.535014,2024,23909.289601530196,-66.07160007782436,1542840,15496.93396692476,9.648462001566642,0.5304630920954064,86.36985672811466
강원,2021,1-1. 고용여건,46059.0,38,0,89.802171,2024,51289.40590979699,114.51664505546191,1538492,33337.4537597836,10.41446677729839,0.9681657943652952,93.2268794040873
강원,2022,1-1. 고용여건,50241.100000000006,43,0,94.590336,2024,53114.411180440264,3.5582499704771786,1536498,34568.48702727909,10.450726694138497,0.9888850693461008,93.55146624724891
강원,2023,1-1. 고용여건,31036.0,42,0,97.706583,2024,31764.492265582554,-40.196094506870786,1527807,20790.90635504521,9.942319072417629,0.6983759277167262,89.0003685240695
강원,2024,1-1. 고용여건,20222.0,30,0,100.0,2024,20222.0,-36.33772002107229,1517766,13323.529450521359,9.497361935128817,0.4441230202207673,85.01725865727971
강원,2016,1-2. 주거안정성,0.0,0,0,83.786765,2024,0.0,,1550806,0.0,0.0,-2.1430285928748103,0.0
강원,2017,1-2. 주거안정성,15785.0,4,0,85.339636,2024,18496.68072172232,inf,1550142,11932.249253115082,9.387083837867515,0.7093040873850387,75.83736906231469
강원,2018,1-2. 주거안정성,46690.0,1,0,86.797969,2024,53791.58122927969,190.8174825448946,1543052,34860.51100629123,10.45913866312292,1.0350556270454019,84.49839935054517
강원,2019,1-2. 주거안정성,89476.0,3,0,87.068452,2024,102765.1209418539,91.04313090152675,1541502,66665.57743152711,11.107459018334074,1.2320524120306038,89.73611863567821
강원,2020,1-2. 주거안정성,77441.0,4,0,87.535014,2024,88468.598405662,-13.911843245220423,1542840,57341.395352507054,10.956795513111516,1.1862722265021415,88.51892232134544
강원,2021,1-2. 주거안정성,83873.0,3,0,89.802171,2024,93397.51930941624,5.57137898935991,1538492,60707.18554884669,11.013833820490346,1.2036037248645022,88.97972945187605
강원,2022,1-2. 주거안정성,75602.0,3,0,94.590336,2024,79925.71249561901,-14.424159135497527,1536498,52018.10382806812,10.859366311404578,1.1566676655074613,87.73180094745408
강원,2023,1-2. 주거안정성,87261.0,4,0,97.706583,2024,89309.23313529447,11.740302772014456,1527807,58455.83449695837,10.976043889011665,1.1921209834292334,88.67442814319622
강원,2024,1-2. 주거안정성,24651.0,4,0,100.0,2024,24651.0,-72.39815063392581,1517766,16241.634085886757,9.69539479796991,0.8029865815835918,78.32818436460495
강원,2016,1-3. 경제적 여건,5129.0,23,1,83.786765,2024,6121.49186091622,,1550806,3947.296993251393,8.281039623978172,-1.69484437563809,45.12121501293637
강원,2017,1-3. 경제적 여건,6634.0,26,0,85.339636,2024,7773.6445934688545,26.989380531584217,1550142,5014.7951564881505,8.520347243458158,-1.522069580003651,48.121467788499224
강원,2018,1-3. 경제적 여건,44018.0,7,0,86.797969,2024,50713.16818484544,552.3731253092388,1543052,32865.49525540645,10.400209036556273,-0.16485104333820685,71.68971260524606
강원,2019,1-3. 경제적 여건,100762.0,40,0,87.068452,2024,115727.33600454962,128.1997756139643,1541502,75074.3988684735,11.226248205770798,0.4315309229243323,82.04594913271185
강원,2020,1-3. 경제적 여건,67066.0,46,0,87.535014,2024,76616.19840490344,-33.7959370274527,1542840,49659.19888316575,10.81295906395075,0.13314532546171792,76.8644513703337
강원,2021,1-3. 경제적 여건,198710.0,44,0,89.802171,2024,221275.27406881953,188.81004105609333,1538492,143826.080388341,11.876367026346792,0.9009022977564406,90.19663317744579
강원,2022,1-3. 경제적 여건,232578.6,51,0,94.590336,2024,245879.87508575933,11.119453414070769,1536498,160026.16019399918,11.983098831022351,0.9779602944077215,91.53475351776143
강원,2023,1-3. 경제적 여건,450919.0,51,0,97.706583,2024,461503.1926763829,87.69457749049909,1527807,302069.039267645,12.618414187572945,1.4366438964174346,99.4998432461645
강원,2024,1-3. 경제적 여건,477130.0,51,0,100.0,2024,477130.0,3.386067002698945,1517766,314363.3471826355,12.65830793356065,1.465446296546171,100.00000000000001
강원,2016,2-1. 돌봄 여건,408734.0,51,0,83.786765,2024,487826.4484850322,,1550806,314563.1681106677,12.658943366459292,0.1114040047945294,50.1262629557817
강원,2017,2-1. 돌봄 여건,499768.0,67,0,85.339636,2024,585622.37129767,20.047277698113252,1550142,377786.2746107582,12.842086550609736,0.4188792454119537,54.01084137611349
강원,2018,2-1. 돌봄 여건,366170.0,31,0,86.797969,2024,421864.70976066275,-27.96301329372708,1543052,273396.30146013404,12.518681332923839,-0.1240789737878232,47.151219842978215
강원,2019,2-1. 돌봄 여건,479244.0,115,0,87.068452,2024,550422.0977765862,30.473605646904687,1541502,357068.68870529276,12.785686248168878,0.32418996366585845,52.81455662886364
강원,2020,2-1. 돌봄 여건,257993.0,110,0,87.535014,2024,294731.2032188628,-46.45360271518516,1542840,191031.606141183,12.16019940524006,-0.7259267437874077,39.54759993859003
강원,2021,2-1. 돌봄 여건,443846.0,118,0,89.802171,2024,494248.6301361244,67.6947078348888,1538492,321255.2487345559,12.679994366316185,0.14674608578029283,50.57276747709285
강원,2022,2-1. 돌봄 여건,436128.4,135,0,94.590336,2024,461070.7800001895,-6.7127854510789735,1536498,300078.9978250473,12.611804377507859,0.032263347512968825,49.1264163052693
강원,2023,2-1. 돌봄 여건,531831.0,146,0,97.706583,2024,544314.3989591777,18.054412157489995,1527807,356271.7011763774,12.783451731135157,0.3204384800068078,52.76716116236393
강원,2024,2-1. 돌봄 여건,458138.0,136,0,100.0,2024,458138.0,-15.832099816569556,1517766,301850.2193355234,12.617689523757653,0.042143795795104265,49.251243839684484
강원,2016,2-2. 여가 인프라,3382.0,13,0,83.786765,2024,4036.437019617597,,1550806,2602.7994601630357,7.864726988136689,-0.04510714397201428,69.29629230385733
강원,2017,2-2. 여가 인프라,5189.0,13,0,85.339636,2024,6080.410279696998,50.63805653712499,1550142,3922.4859914104636,8.27473582112926,0.2305010203460262,72.90888966179158
강원,2018,2-2. 여가 인프라,0.0,0,0,86.797969,2024,0.0,-100.0,1543052,0.0,0.0,-5.331780975465243,0.0
강원,2019,2-2. 여가 인프라,2155.0,26,0,87.068452,2024,2475.064102437471,inf,1541502,1605.6184827768443,7.38188692795391,-0.36967249949107217,65.04197731022714
강원,2020,2-2. 여가 인프라,986.0,30,0,87.535014,2024,1126.40640007209,-54.48980901291436,1542840,730.0863343393289,6.5945315572073655,-0.8989332152018896,58.10457083692361
강원,2021,2-2. 여가 인프라,1142.0,18,0,89.802171,2024,1271.6841778802875,12.897456708244892,1538492,826.5783493708693,6.718503784788336,-0.815599015251547,59.196893015807845
강원,2022,2-2. 여가 인프라,1352.0,23,0,94.590336,2024,1429.321490093872,12.395948220126707,1536498,930.2462418394764,6.83652373407701,-0.7362659400615567,60.236769532301146
강원,2023,2-2. 여가 인프라,19811.0,30,0,97.706583,2024,20276.013541482665,1318.5761343412685,1527807,13271.318655748184,9.493435841207445,1.0497118479190828,83.64688386673254
강원,2024,2-2. 여가 인프라,19210.0,30,0,100.0,2024,19210.0,-5.2575105027509945,1517766,12656.760001212308,9.44602574490999,1.0178427549648836,83.22915240623327
강원,2016,2-3. 가사수행 격차,0.0,0,0,83.786765,2024,0.0,,1550806,0.0,0.0,-0.931640529002546,0.0
강원,2017,2-3. 가사수행 격차,0.0,0,0,85.339636,2024,0.0,,1550142,0.0,0.0,-0.931640529002546,0.0
강원,2018,2-3. 가사수행 격차,0.0,0,0,86.797969,2024,0.0,,1543052,0.0,0.0,-0.931640529002546,0.0
강원,2019,2-3. 가사수행 격차,0.0,0,0,87.068452,2024,0.0,,1541502,0.0,0.0,-0.931640529002546,0.0
강원,2020,2-3. 가사수행 격차,0.0,0,0,87.535014,2024,0.0,,1542840,0.0,0.0,-0.931640529002546,0.0
강원,2021,2-3. 가사수행 격차,0.0,0,0,89.802171,2024,0.0,,1538492,0.0,0.0,-0.931640529002546,0.0
강원,2022,2-3. 가사수행 격차,0.0,0,0,94.590336,2024,0.0,,1536498,0.0,0.0,-0.931640529002546,0.0
강원,2023,2-3. 가사수행 격차,0.0,0,0,97.706583,2024,0.0,,1527807,0.0,0.0,-0.931640529002546,0.0
강원,2024,2-3. 가사수행 격차,3.0,1,0,100.0,2024,3.0,inf,1517766,1.9765892766078565,1.0907781069823845,-0.2516432048359809,16.56526404248559
강원,2016,3-1. 의료서비스 여건,6394.0,28,0,83.786765,2024,7631.27684903457,,1550806,4920.845579030884,8.501438856836508,-0.30702045321567334,37.35592349686346
강원,2017,3-1. 의료서비스 여건,7353.0,30,0,85.339636,2024,8616.160490771252,12.90588274046538,1550142,5558.304007485283,8.623228200899304,-0.19028356609733335,39.25687610546871
강원,2018,3-1. 의료서비스 여건,4051.0,8,0,86.797969,2024,4667.159896333519,-45.832486507969506,1543052,3024.629044473886,8.01487429743304,-0.7733997779748308,29.761366061888033
강원,2019,3-1. 의료서비스 여건,7667.0,34,0,87.068452,2024,8805.715300876143,88.67395796303954,1541502,5712.425479095157,8.650574031549954,-0.16407218307045449,39.683704318641695
강원,2020,3-1. 의료서비스 여건,7746.0,39,0,87.535014,2024,8849.030400566338,0.49189757118182076,1542840,5735.546395327019,8.654612634947627,-0.16020112199710823,39.746740980206845
강원,2021,3-1. 의료서비스 여건,9154.0,33,0,89.802171,2024,10193.517481888048,15.193609022245669,1538492,6625.655175254761,8.798855457424468,-0.02194224381128246,41.99815937620834
강원,2022,3-1. 의료서비스 여건,66331.1,41,0,94.590336,2024,70124.60554109885,587.9333425944186,1536498,45639.24296751369,10.728545127526997,1.827693838275148,72.11777813602882
강원,2023,3-1. 의료서비스 여건,12828.0,43,0,97.706583,2024,13129.105128975803,-81.2774631277162,1527807,8593.43171550844,9.058869797598298,0.22728534593886568,46.05660095853071
강원,2024,3-1. 의료서비스 여건,13078.0,41,0,100.0,2024,13078.0,-0.3892506646398508,1517766,8616.611519825849,9.061563239395285,0.22986704972776698,46.09864162513836
강원,2016,3-2. 산후조리 여건,1501.0,3,0,83.786765,2024,1791.4523851111808,,1550806,1155.1750413083137,7.05287245758638,-0.8961021152640982,72.08166455580053
강원,2017,3-2. 산후조리 여건,3155.0,4,0,85.339636,2024,3696.9925674395895,106.36845266809294,1550142,2384.9380040277533,7.777347619096383,-0.19799574289415214,79.48593506898722
강원,2018,3-2. 산후조리 여건,0.0,0,0,86.797969,2024,0.0,-100.0,1543052,0.0,0.0,-7.692270524808052,0.0
강원,2019,3-2. 산후조리 여건,6772.0,8,0,87.068452,2024,7777.788446267542,inf,1541502,5045.590888800366,8.526468222781343,0.5238590492233429,87.142086571993
강원,2020,3-2. 산후조리 여건,3096.0,4,0,87.535014,2024,3536.87040022636,-54.52601437207183,1542840,2292.441471718623,7.737808794513273,-0.23609546923943586,79.08184094880151
강원,2021,3-2. 산후조리 여건,3068.0,4,0,89.802171,2024,3416.398474375413,-3.406173034873894,1538492,2220.615040166223,7.705989705940066,-0.26675643551695655,78.75664396235408
강원,2022,3-2. 산후조리 여건,4938.5,9,0,94.590336,2024,5220.935043512268,52.819850572810026,1536498,3397.944574943975,8.131220243280135,0.1429969468138736,83.10257891804149
강원,2023,3-2. 산후조리 여건,11857.0,12,0,97.706583,2024,12135.313339122707,132.43563151015465,1527807,7942.962258402212,8.980167454757304,0.9610449484909127,91.778976866718
강원,2024,3-2. 산후조리 여건,9086.0,13,0,100.0,2024,9086.0,-25.127602838998055,1517766,5986.430055752995,8.69741755993954,0.6885863276214276,88.88922050234208
강원,2016,3-3. 아동안전 수준,2479.0,4,0,83.786765,2024,2958.7011743441817,,1550806,1907.8473866777545,7.554254876411531,0.6438156678586882,77.41447995222153
강원,2017,3-3. 아동안전 수준,4045.0,5,0,85.339636,2024,4739.88429010876,60.20152123539111,1550142,3057.7097389198925,8.025748452077655,0.8489808099272895,82.24625099491968
강원,2018,3-3. 아동안전 수준,1616.0,1,0,86.797969,2024,1861.7947154961657,-60.72067161256703,1543052,1206.5664122117503,7.09636238377558,0.44456888454657684,72.72209006448755
강원,2019,3-3. 아동안전 수준,66.0,4,0,87.068452,2024,75.80242726722648,-95.92852924995948,1541502,49.174394368107514,3.9155048242180746,-0.9395456119968976,40.12530351123726
강원,2020,3-3. 아동안전 수준,72.0,5,0,87.535014,2024,82.25280000526418,8.509454077635525,1542840,53.312592365549364,3.9947561036556833,-0.9050603064824715,40.937454634489406
강원,2021,3-3. 아동안전 수준,735.0,6,0,89.802171,2024,818.4657362014109,895.0612455126501,1538492,531.9921950854543,6.278506780691752,0.08868819039027913,64.3408708410741
강원,2022,3-3. 아동안전 수준,1889.0,5,0,94.590336,2024,1997.0327624166598,143.99711241243983,1536498,1299.7301411499786,7.170681032823407,0.4769078112619667,73.48369258663097
강원,2023,3-3. 아동안전 수준,1837.0,5,0,97.706583,2024,1880.1189680330956,-5.854375380506216,1527807,1230.5997865130187,7.116069242709163,0.453144103216571,72.92404197910972
강원,2024,3-3. 아동안전 수준,15.0,4,0,100.0,2024,15.0,-99.2021781464344,1517766,9.882946383039283,2.387197012030768,-1.6045716178528036,24.463513377992555
강원,2016,4-1. 일·가정 양립 여건,29.0,6,0,83.786765,2024,34.61167166437325,,1550806,22.318505128541705,3.149247256877966,-1.499645008554316,28.548246490689824
강원,2017,4-1. 일·가정 양립 여건,113.0,3,0,85.339636,2024,132.4120951254116,282.5648654286382,1550142,85.41933263237279,4.459211408099204,-0.8017400767197124,40.423204673587534
강원,2018,4-1. 일·가정 양립 여건,120.0,1,0,86.797969,2024,138.2520828338737,4.410463940571918,1543052,89.59651575829828,4.506415754895502,-0.7765911851241258,40.851116875409595
강원,2019,4-1. 일·가정 양립 여건,296.0,8,0,87.068452,2024,339.96240107725816,145.9003829155785,1541502,220.5397080751489,5.400601842380728,-0.3001988503781415,48.95700464853434
강원,2020,4-1. 일·가정 양립 여건,273.0,12,0,87.535014,2024,311.87520001996,-8.26185512524228,1542840,202.14357938604132,5.3139130166477475,-0.3463837470851198,48.171161631728154
강원,2021,4-1. 일·가정 양립 여건,292.0,4,0,89.802171,2024,325.15917683103675,4.2593886305248185,1538492,211.34928022442543,5.358232467181722,-0.3227718313887821,48.57292195569527
강원,2022,4-1. 일·가정 양립 여건,1429.2,8,0,94.590336,2024,1510.936592930593,364.67598044010447,1536498,983.3638526900738,6.891995597698524,0.49436568497442346,62.47664063408625
강원,2023,4-1. 일·가정 양립 여건,179.0,6,0,97.706583,2024,183.2015760903234,-87.87496596829467,1527807,119.91146531618419,4.79505858617801,-0.6228119726907438,43.467693480256
강원,2024,4-1. 일·가정 양립 여건,310.0,8,0,100.0,2024,310.0,69.21251804469273,1517766,204.24755858281185,5.3242168534155665,-0.34089420869555737,48.26456695936799
강원,2016,4-2. 사회적 가치관,558.0,6,0,83.786765,2024,665.9763030593197,,1550806,429.43882281814723,6.064805206494671,0.5903908479890593,64.29202212212316
강원,2017,4-2. 사회적 가치관,291.0,8,0,85.339636,2024,340.9904396592458,-48.798412482122025,1550142,219.97367961080067,5.39804359764146,0.09218971822556096,57.223789813414015
강원,2018,4-2. 사회적 가치관,34.0,1,0,86.797969,2024,39.17142346959755,-88.51245697423604,1543052,25.385679464851183,3.272821418462807,-1.4957662717515763,34.69465215671542
강원,2019,4-2. 사회적 가치관,962.0,16,0,87.068452,2024,1104.8778035010891,2720.622039325753,1541502,716.7540512442339,6.576126963351992,0.972448053377824,69.71246162250311
강원,2020,4-2. 사회적 가치관,1042.0,16,0,87.535014,2024,1190.3808000761844,7.738683527187984,1542840,771.5516839569784,6.6496989113325515,1.027420665951991,70.49238598051357
강원,2021,4-2. 사회적 가치관,500.0,12,0,89.802171,2024,556.7794123819122,-53.22678151846214,1538492,361.8994524390846,5.894125805369952,0.4628600043732378,62.48267731066077
강원,2022,4-2. 사회적 가치관,1167.4,14,0,94.590336,2024,1234.1641327925934,121.6612369902144,1536498,803.2318511267789,6.689887599655972,1.0574494643419852,70.91841978552046
강원,2023,4-2. 사회적 가치관,725.0,11,0,97.706583,2024,742.017556790416,-39.87691449828292,1527807,485.6749293532599,6.1875964040132825,0.6821398517056979,65.59371180851483
강원,2024,4-2. 사회적 가치관,10647.0,13,0,100.0,2024,10647.0,1334.8717092427587,1517766,7014.915342681283,8.855936467656711,2.6759109636729823,93.8803545876429
경기,2016,1-1. 고용여건,20498.0,8,0,83.786765,2024,24464.48433711458,,12716780,1923.7955156190937,7.562575015427122,-0.661433354752062,67.69768285059338
경기,2017,1-1. 고용여건,18981.0,13,3,85.339636,2024,22241.716615711837,-9.085692102778664,12873895,1727.6602470124105,7.4551019637786435,-0.7228445190398991,66.7356194594016
경기,2018,1-1. 고용여건,36204.0,60,1,86.797969,2024,41710.65339097969,87.53342699058915,13077153,3189.5821201281115,8.06795866192971,-0.3726521424601697,72.22171094274665
경기,2019,1-1. 고용여건,18297.0,56,0,87.068452,2024,21014.500177400652,-49.618386505675716,13239666,1587.2379391897541,7.370380466344634,-0.7712552203071242,65.97722049447033
경기,2020,1-1. 고용여건,48120.0,63,1,87.535014,2024,54972.288003518224,161.59217463871136,13427014,4094.1558565082473,8.317560055760273,-0.23002743824001282,74.4560604816455
경기,2021,1-1. 고용여건,74362.0,90,0,89.802171,2024,82806.46132708751,50.63309957516759,13565450,6104.2177979416465,8.716899061246972,-0.0018411822779359705,78.0308118445294
경기,2022,1-1. 고용여건,77981.3,105,0,94.590336,2024,82441.08573628495,-0.4412404357666211,13589432,6066.558612330887,8.710711597600392,-0.005376760180459362,77.97542370613193
경기,2023,1-1. 고용여건,101510.0,103,0,97.706583,2024,103892.6926755795,26.020529384965396,13630821,7621.895458503894,8.938911557936988,0.12501895334729607,80.01819465516328
경기,2024,1-1. 고용여건,96881.0,115,0,100.0,2024,96881.0,-6.748975789350808,13694685,7074.350377536979,8.86437224461198,0.08242645275024549,79.35094325162895
경기,2016,1-2. 주거안정성,0.0,0,0,83.786765,2024,0.0,,12716780,0.0,0.0,-2.1430285928748103,0.0
경기,2017,1-2. 주거안정성,985.0,2,0,85.339636,2024,1154.2116256507118,inf,12873895,89.65519958417494,4.507063294454687,-0.7735251188658716,36.41214123069133
경기,2018,1-2. 주거안정성,10010.0,7,2,86.797969,2024,11532.527909725632,899.1692730719049,13077153,881.8836875064192,6.783193467699271,-0.08190665781823858,54.80078321617011
경기,2019,1-2. 주거안정성,19566.0,10,0,87.068452,2024,22471.97411985687,94.85731398842543,13239666,1697.3218297090627,7.437395883487304,0.11687743341675061,60.086023116493145
경기,2020,1-2. 주거안정성,14262.0,12,0,87.535014,2024,16292.908801042746,-27.49676234876992,13427014,1213.44245273318,7.102040363814596,0.014977256025207128,57.37671735639022
경기,2021,1-2. 주거안정성,6979.0,24,0,89.802171,2024,7771.52703802673,-52.301168975245524,13565450,572.8912080341405,6.3524398453143425,-0.21279423222259783,51.32076514027362
경기,2022,1-2. 주거안정성,11881.0,34,0,94.590336,2024,12560.479751335275,61.62177252779022,13589432,924.2829097886707,6.830099539170516,-0.06765391193135094,55.17973296402239
경기,2023,1-2. 주거안정성,10014.0,41,0,97.706583,2024,10249.053536136864,-18.40237205073866,13630821,751.9028777603978,6.623936239083329,-0.1302981077716738,53.51415901732495
경기,2024,1-2. 주거안정성,33635.0,44,0,100.0,2024,33635.0,228.17664461803474,13694685,2456.062333671786,7.806721742029157,0.22909974166272284,63.069772055168606
경기,2016,1-3. 경제적 여건,1140.0,4,0,83.786765,2024,1360.596748185707,,12716780,106.99223767224933,4.682059351136104,-4.293228340527562,0.0
경기,2017,1-3. 경제적 여건,40411.0,5,0,85.339636,2024,47353.14315144255,3380.321646702874,12873895,3678.2297161381657,8.210458692986467,-1.7458022429817168,44.23632620509219
경기,2018,1-3. 경제적 여건,223650.0,85,11,86.797969,2024,257667.31938163209,444.1398442286562,13077153,19703.625046035027,9.888608661081406,-0.5342151718655269,65.27566507164529
경기,2019,1-3. 경제적 여건,721198.0,92,0,87.068452,2024,828311.499094988,221.465485449543,13239666,62562.86972005095,11.043943229445102,0.2999107718557714,79.76035115464234
경기,2020,1-3. 경제적 여건,1069035.0,107,3,87.535014,2024,1221265.584078161,47.4403754399781,13427014,90955.85839697203,11.418140589536092,0.5700729696042414,84.45174656721163
경기,2021,1-3. 경제적 여건,393958.0,113,0,89.802171,2024,438695.40748630674,-64.07862358477546,13565450,32339.17101801317,10.384065421243683,-0.17650637567778987,71.48731651458054
경기,2022,1-3. 경제적 여건,1685309.6,134,0,94.590336,2024,1781693.2165247835,306.13445824148425,13589432,131108.7333543288,11.783789910735974,0.8340636727897895,89.03597331768655
경기,2023,1-3. 경제적 여건,2177906.0,141,0,97.706583,2024,2229026.8814333626,25.107221645099443,13630821,163528.4390744595,12.00474830861268,0.9935907372427193,91.8061778266531
경기,2024,1-3. 경제적 여건,2789903.0,147,3,100.0,2024,2789903.0,25.16237570925881,13694685,203721.58979925423,12.22451449346071,1.152257050321206,94.56143529608904
경기,2016,2-1. 돌봄 여건,2354075.0,37,0,83.786765,2024,2809602.447355498,,12716780,220936.62447219327,12.305635698454791,-0.48175680943717925,42.63239224891102
경기,2017,2-1. 돌봄 여건,2902669.0,32,0,85.339636,2024,3401314.0154476403,21.060330747116307,12873895,264202.40459065733,12.48447455740163,-0.18150800988996768,46.42567331150832
경기,2018,2-1. 돌봄 여건,3826541.0,248,12,86.797969,2024,4408560.527493449,29.61345255013883,13077153,337119.28945799207,12.7281950876577,0.22766926324476833,51.59513411790577
경기,2019,2-1. 돌봄 여건,4015632.0,263,0,87.068452,2024,4612040.19109011,4.615557897587763,13239666,348350.19184699294,12.760966421859022,0.28268836709866074,52.290234065165436
경기,2020,2-1. 돌봄 여건,4409976.0,252,0,87.535014,2024,5037956.582722429,9.234880312949944,13427014,375210.49599877,12.835245135300392,0.40739333711478076,53.865730792836885
경기,2021,2-1. 돌봄 여건,4636276.75,298,0,89.802171,2024,5162766.889009844,2.477399402675462,13565450,380582.058760295,12.849459720925742,0.4312579060077251,54.16723080677588
경기,2022,2-1. 돌봄 여건,2008651.7,314,0,94.590336,2024,2123527.397132832,-58.86842379706787,13589432,156263.14603383216,11.959303098117163,-1.063207329239189,35.286466973178136
경기,2023,2-1. 돌봄 여건,2805795.0,297,0,97.706583,2024,2871654.0010410557,35.23037211190858,13630821,210673.59046392405,12.2580699967152,-0.5616138658455876,41.62349476040949
경기,2024,2-1. 돌봄 여건,3666436.0,318,2,100.0,2024,3666436.0,27.676802242568698,13694685,267726.9320177865,12.497726564811634,-0.1592594933210523,46.706756455550924
경기,2016,2-2. 여가 인프라,685.0,5,0,83.786765,2024,817.5515548308853,,12716780,64.28919544341298,4.178826562307682,-2.5227714489266884,36.81973797508807
경기,2017,2-2. 여가 인프라,1451.0,7,1,85.339636,2024,1700.2650444864798,107.97037623372736,12873895,132.0707559356729,4.890880986276518,-2.0441280712896357,43.09366605600286
경기,2018,2-2. 여가 인프라,17079.0,98,4,86.797969,2024,19676.727689331074,1057.2741410603962,13077153,1504.6644854068063,7.316989598285073,-0.4132965203898976,64.47016543001119
경기,2019,2-2. 여가 인프라,26855.0,113,0,87.068452,2024,30843.54824638435,56.751410769932264,13239666,2329.6318990512564,7.7538947111008705,-0.11960866189805347,68.31974653465757
경기,2020,2-2. 여가 인프라,26551.0,88,1,87.535014,2024,30331.86240194124,-1.6589720493753402,13427014,2259.0177087728694,7.72312792797584,-0.14029011053214802,68.04865969338545
경기,2021,2-2. 여가 인프라,46546.7,99,0,89.802171,2024,51832.488548634305,70.88462245337439,13565450,3820.9192137846003,8.248507987419474,0.2128706560194022,72.67779560932263
경기,2022,2-2. 여가 인프라,57068.1,120,0,94.590336,2024,60331.850391143555,16.397749906478666,13589432,4439.615312188438,8.398548229650643,0.31372778983611654,73.99980367122689
경기,2023,2-2. 여가 인프라,64189.0,128,0,97.706583,2024,65695.67579699312,8.890536874096867,13630821,4819.64188341943,8.480662369012105,0.36892495973313255,74.7233132618401
경기,2024,2-2. 여가 인프라,56919.0,127,6,100.0,2024,56919.0,-13.359594357646943,13694685,4156.283989007414,8.332617252773778,0.26940895071233284,73.41888430143442
경기,2016,2-3. 가사수행 격차,0.0,0,0,83.786765,2024,0.0,,12716780,0.0,0.0,-0.931640529002546,0.0
경기,2017,2-3. 가사수행 격차,0.0,0,0,85.339636,2024,0.0,,12873895,0.0,0.0,-0.931640529002546,0.0
경기,2018,2-3. 가사수행 격차,22.0,4,1,86.797969,2024,25.346215186210177,inf,13077153,1.9382059066075146,1.0777991592331284,-0.259734355257406,16.368157321069216
경기,2019,2-3. 가사수행 격차,41.0,6,0,87.068452,2024,47.0893866357013,85.78468733793707,13239666,3.556689922215659,1.516596465686545,0.013814400745118109,23.032017913799006
경기,2020,2-3. 가사수행 격차,599.0,7,0,87.535014,2024,684.297600043795,1353.1886034909355,13427014,50.964242685960926,3.9505558413935553,1.5311586268679283,59.99570417517089
경기,2021,2-3. 가사수행 격차,458.0,6,0,89.802171,2024,510.0099417418316,-25.469570299648726,13565450,37.59624205181779,3.653154915560842,1.3457571850198018,55.47918075820601
경기,2022,2-3. 가사수행 격차,514.4,5,0,94.590336,2024,543.8187681244731,6.62905241948315,13589432,40.01777028829999,3.714005394470122,1.3836917223630902,56.40329561143915
경기,2023,2-3. 가사수행 격차,493.0,3,0,97.706583,2024,504.57193861748294,-7.2168950038898005,13630821,37.01698809026125,3.6380331148339438,1.336330167769412,55.2495312811626
경기,2024,2-3. 가사수행 격차,633.0,4,0,100.0,2024,633.0,25.45287431845842,13694685,46.22231179468531,3.8548664884150288,1.4715053357355654,58.542503576445014
경기,2016,3-1. 의료서비스 여건,205501.0,5,0,83.786765,2024,245266.65995518505,,12716780,19286.852485863958,9.86723077185706,1.0021112925689797,58.673927330857346
경기,2017,3-1. 의료서비스 여건,67242.0,4,0,85.339636,2024,78793.39911878697,-67.8743946962934,12873895,6120.400944608215,8.719546261827581,-0.09796128049372342,40.76025943170621
경기,2018,3-1. 의료서비스 여건,54386.0,75,7,86.797969,2024,62658.14814169212,-20.477922208648135,13077153,4791.42120167074,8.474791032775393,-0.3325627866054305,36.93999014035806
경기,2019,3-1. 의료서비스 여건,20448.0,77,0,87.068452,2024,23484.970193337078,-62.51888878006848,13239666,1773.8340373040437,7.48146219742771,-1.2846831631105002,21.435587392418274
경기,2020,3-1. 의료서비스 여건,174787.0,80,2,87.535014,2024,199676.6688127793,750.2317319075397,13427014,14871.26391711361,9.607253275149795,0.7529190178263193,54.61606082088155
경기,2021,3-1. 의료서비스 여건,37987.0,73,0,89.802171,2024,42300.759076303395,-78.81537220757353,13565450,3118.271717952843,8.045354829822905,-0.744183736979751,30.23712236063544
경기,2022,3-1. 의료서비스 여건,36648.0,79,0,94.590336,2024,38743.91565751495,-8.408462392772897,13589432,2851.0327479113885,7.955787263905637,-0.830035573299335,28.839104337079412
경기,2023,3-1. 의료서비스 여건,43199.0,81,0,97.706583,2024,44212.98818729543,14.115951981016828,13630821,3243.6041957630746,8.084748648128109,-0.7064241796388082,30.852001948389738
경기,2024,3-1. 의료서비스 여건,110197.0,79,0,100.0,2024,110197.0,149.2412400021065,13694685,8046.698408908273,8.993141417595139,0.16428372181529732,45.03067757920797
경기,2016,3-2. 산후조리 여건,13363.0,2,0,83.786765,2024,15948.819601759298,,12716780,1254.1555017669016,7.135014749680556,-0.8169495637363179,72.92117401527021
경기,2017,3-2. 산후조리 여건,13790.0,2,0,85.339636,2024,16158.962759109965,1.3176094695276808,12873895,1255.172794178449,7.135824912548416,-0.8161688884409333,72.9294540300341
경기,2018,3-2. 산후조리 여건,2917.0,10,0,86.797969,2024,3360.677713553413,-79.20239211109786,13077153,256.98848316246,5.552914945020078,-2.341465536177255,56.75182059237267
경기,2019,3-2. 산후조리 여건,85544.0,19,0,87.068452,2024,98249.1339113276,2823.4916967817144,13239666,7420.816651366251,8.912179137915551,0.8955312086754462,91.08412365935152
경기,2020,3-2. 산후조리 여건,92142.0,16,0,87.535014,2024,105263.02080673684,7.138879108837171,13427014,7839.64482398967,8.967076357920142,0.9484303295103442,91.64518342914226
경기,2021,3-2. 산후조리 여건,88300.0,16,0,89.802171,2024,98327.2442266457,-6.588996332173713,13565450,7248.358456715088,8.888668255204408,0.8728760537264731,90.84383807767018
경기,2022,3-2. 산후조리 여건,85843.5,18,0,94.590336,2024,90752.92850212521,-7.703170961510497,13589432,6678.198801990047,8.806753319515487,0.7939425834919374,90.00665224282814
경기,2023,3-2. 산후조리 여건,88039.0,22,0,97.706583,2024,90105.4947341675,-0.7134026181232822,13630821,6610.423153100425,8.79655421271227,0.7841146945178457,89.90241547975334
경기,2024,3-2. 산후조리 여건,105316.0,14,0,100.0,2024,105316.0,16.88077437531095,13694685,7690.282762984326,8.947842857819309,0.9298968728830883,91.44861349102987
경기,2016,3-3. 아동안전 수준,2696.0,5,0,83.786765,2024,3217.691958867251,,12716780,253.02725681086335,5.53744157154019,-0.23377802498259317,56.746584082721526
경기,2017,3-3. 아동안전 수준,1260.0,5,0,85.339636,2024,1476.4534500709613,-54.11451845158203,12873895,114.68583906199027,4.750878233121978,-0.5760422410846583,48.68604167459271
경기,2018,3-3. 아동안전 수준,2591.0,26,2,86.797969,2024,2985.0928885213893,102.1799528036539,13077153,228.2677956372759,5.434890733586364,-0.2784018721014551,55.6956637843279
경기,2019,3-3. 아동안전 수준,4345.0,24,0,87.068452,2024,4990.326461759077,67.17491375053801,13239666,376.92238322017164,5.934688839139017,-0.060920331262943946,60.81749393905041
경기,2020,3-3. 아동안전 수준,2731.0,20,0,87.535014,2024,3119.8944001996733,-37.4811563109657,13427014,232.35951047639284,5.452580227838689,-0.270704487049554,55.87694215268659
경기,2021,3-3. 아동안전 수준,4866.0,25,0,89.802171,2024,5418.57724130077,73.67822580642411,13565450,399.4395498343785,5.992562818373193,-0.03573711820456935,61.41057480254752
경기,2022,3-3. 아동안전 수준,6120.5,36,0,94.590336,2024,6470.534156893153,19.413895359362865,13589432,476.14456269350717,6.167819511416394,0.040523866424717295,63.206570035968916
경기,2023,3-3. 아동안전 수준,6785.0,33,0,97.706583,2024,6944.260859066169,7.321292039983263,13630821,509.4528685444677,6.235298309237725,0.06988650858176612,63.89807914263821
경기,2024,3-3. 아동안전 수준,8022.0,23,0,100.0,2024,8022.0,15.51985391687547,13694685,585.7747001847797,6.374640930453157,0.13051988759967928,65.32603421339645
경기,2016,4-1. 일·가정 양립 여건,836.0,5,0,83.786765,2024,997.7709486695184,,12716780,78.46097429298284,4.3752660117382,-0.8464633663383923,39.662231122895804
경기,2017,4-1. 일·가정 양립 여건,916.0,5,0,85.339636,2024,1073.35822243254,7.575613808340864,12873895,83.37478458792309,4.435268596157412,-0.8144960033002886,40.20616064965398
경기,2018,4-1. 일·가정 양립 여건,7536.0,36,12,86.797969,2024,8682.230801967267,708.8847339605618,13077153,663.9236232815558,6.499672181851648,0.2853489370439753,58.920188991489795
경기,2019,4-1. 일·가정 양립 여건,2682.0,36,0,87.068452,2024,3080.3349989500216,-64.52138777222943,13239666,232.659570033717,5.4538652271508585,-0.2718219067170319,49.43984264546368
경기,2020,4-1. 일·가정 양립 여건,2595.0,31,0,87.535014,2024,2964.52800018973,-3.759558580471478,13427014,220.78833016705948,5.401723459316849,-0.29960129052078316,48.967172220067695
경기,2021,4-1. 일·가정 양립 여건,7095.0,32,0,89.802171,2024,7900.699861699334,166.50785086845826,13565450,582.4134003442078,6.368896026563397,0.21567579090715114,57.73468985098251
경기,2022,4-1. 일·가정 양립 여건,2889.0,30,0,94.590336,2024,3054.2232136695234,-61.34237134515573,13589432,224.74988017670813,5.419427661518252,-0.29016908581576323,49.12766261257747
경기,2023,4-1. 일·가정 양립 여건,6328.0,31,0,97.706583,2024,6476.533930165177,112.05175512970737,13630821,475.1389465216495,6.16570971609285,0.10742494448019199,55.89278529357488
경기,2024,4-1. 일·가정 양립 여건,6412.0,29,0,100.0,2024,6412.0,-0.9964269601769993,13694685,468.2108423815517,6.151052224742405,0.0996159250560638,55.75991364461377
경기,2016,4-2. 사회적 가치관,463.0,8,0,83.786765,2024,552.5932407105107,,12716780,43.45386494934337,3.7944519086713533,-1.1060064294175858,40.224372877200906
경기,2017,4-2. 사회적 가치관,178.0,5,0,85.339636,2024,208.5783445338342,-62.25463339623023,12873895,16.201650280185927,2.8450053257392716,-1.8154284387027542,30.15944273760216
경기,2018,4-2. 사회적 가치관,1385.0,34,2,86.797969,2024,1595.659456040959,665.0168379690642,13077153,122.01887184779125,4.812337773260131,-0.3454469116303728,51.01481680668734
경기,2019,4-2. 사회적 가치관,1222.0,60,0,87.068452,2024,1403.4934260689508,-12.043047734558431,13239666,106.00670938896425,4.672891537065817,-0.4496404817022356,49.53656974070558
경기,2020,4-2. 사회적 가치관,41053.0,72,0,87.535014,2024,46898.94720300153,3241.586524873219,13427014,3492.8798914636964,8.158768114448794,2.1549900579223817,86.48978528472641
경기,2021,4-2. 사회적 가치관,1697.0,74,0,89.802171,2024,1889.70932562421,-95.97067857953266,13565450,139.3031064671065,4.943805128467759,-0.24721512380426985,52.408481041821304
경기,2022,4-2. 사회적 가치관,3434.2,80,0,94.590336,2024,3630.6034476925847,92.12496855797237,13589432,267.16373779953307,5.591597755888151,0.23681247248817705,59.275626236865705
경기,2023,4-2. 사회적 가치관,1919.0,74,0,97.706583,2024,1964.0437123873219,-45.90310562186124,13630821,144.08843842842055,4.9773434766908515,-0.22215542817499637,52.76401566370651
경기,2024,4-2. 사회적 가치관,3064.0,60,2,100.0,2024,3064.0,56.0046744721209,13694685,223.7364349745905,5.414928315466116,0.10480589975774234,57.40278198462935
경남,2016,1-1. 고용여건,7543.0,17,0,83.786765,2024,9002.615150495427,,3373871,2668.3341332538876,7.8895843319974395,-0.4745769981535984,70.62496264050716
경남,2017,1-1. 고용여건,5779.0,10,0,85.339636,2024,6771.765466634988,-24.78001832320548,3380404,2003.241466592451,7.603020947257742,-0.6383221494189427,68.05974152241888
경남,2018,1-1. 고용여건,121092.0,7,0,86.797969,2024,139510.17678766194,1960.1743736554279,3373988,41348.74717623831,10.629821586194652,1.091221661361246,95.15466478449925
경남,2019,1-1. 고용여건,56873.0,51,0,87.068452,2024,65319.87039346927,-53.17913581825089,3362553,19425.67757102097,9.874402532949434,0.6595677455801976,88.39240201268305
경남,2020,1-1. 고용여건,45354.0,46,0,87.535014,2024,51812.409603315995,-20.678946098312768,3340216,15511.694334532855,9.64941395704328,0.5310070488666506,86.3783783202726
경남,2021,1-1. 고용여건,90949.0,53,0,89.802171,2024,101277.06155344506,95.46873486262899,3314183,30558.68114508012,10.327436809491736,0.918436010303513,92.44781577205013
경남,2022,1-1. 고용여건,35399.0,57,0,94.590336,2024,37423.48478390012,-63.048409768335034,3280493,11407.8843588144,9.342147660583425,0.35543204915667836,83.62783154936685
경남,2023,1-1. 고용여건,100776.0,55,0,97.706583,2024,103141.46386635996,175.60625222890044,3251158,31724.531341251317,10.364877040787531,0.9398297286339559,92.7829684018019
경남,2024,1-1. 고용여건,86037.0,62,0,100.0,2024,86037.0,-16.583499230263165,3228380,26650.20846368767,10.190589774295272,0.8402402613985596,91.2228061465091
경남,2016,1-2. 주거안정성,0.0,0,0,83.786765,2024,0.0,,3373871,0.0,0.0,-2.1430285928748103,0.0
경남,2017,1-2. 주거안정성,0.0,0,0,85.339636,2024,0.0,,3380404,0.0,0.0,-2.1430285928748103,0.0
경남,2018,1-2. 주거안정성,0.0,0,0,86.797969,2024,0.0,,3373988,0.0,0.0,-2.1430285928748103,0.0
경남,2019,1-2. 주거안정성,7141.0,7,0,87.068452,2024,8201.592925988853,inf,3362553,2439.096997426911,7.799793070540932,0.22699441518881586,63.01379596868215
경남,2020,1-2. 주거안정성,113933.0,13,0,87.535014,2024,130157.05920833006,1486.972925660502,3340216,38966.659404161306,10.57048733504994,1.0688897187960007,85.39797481757823
경남,2021,1-2. 주거안정성,8080.0,20,0,89.802171,2024,8997.5553040917,-93.0871553499913,3314183,2714.8637549862815,7.9068653235714,0.2595290864182179,63.87882264892216
경남,2022,1-2. 주거안정성,4912.0,28,0,94.590336,2024,5192.919496554067,-42.285217250150694,3280493,1582.9692355856475,7.3676891502070045,0.09569654307810382,59.5228689624223
경남,2023,1-2. 주거안정성,5696.0,28,0,97.706583,2024,5829.6993151423585,12.262462743950643,3251158,1793.114734855199,7.492266995342507,0.1335504138918396,60.52932167784571
경남,2024,1-2. 주거안정성,4804.0,27,0,100.0,2024,4804.0,-17.594377680477525,3228380,1488.0528314510684,7.305895513217139,0.0769201037426745,59.023643970396684
경남,2016,1-3. 경제적 여건,21322.0,32,0,83.786765,2024,25447.933214750563,,3373871,7542.6515165371065,8.928461629786256,-1.227420041277999,53.238088491963346
경남,2017,1-3. 경제적 여건,24201.5,34,0,85.339636,2024,28359.03823166061,11.439455583067403,3380404,8389.245259341962,9.034825031375112,-1.1506280234875441,54.57159008095878
경남,2018,1-3. 경제적 여건,12798.0,4,0,86.797969,2024,14744.58463423263,-48.00745880806537,3373988,4370.076192989611,8.382764526189222,-1.6214012515593879,46.396562705023065
경남,2019,1-3. 경제적 여건,221663.0,47,0,87.068452,2024,254584.74902023067,1626.6322201383623,3362553,75711.7431369054,11.234701762601931,0.4376342035346906,82.15193325223593
경남,2020,1-3. 경제적 여건,277691.0,66,2,87.535014,2024,317234.198420303,24.608484852756774,3340216,94974.15688695072,11.461370629930753,0.6012841003266411,84.99373118501703
경남,2021,1-3. 경제적 여건,260939.2,58,0,89.802171,2024,290571.14888681256,-8.404847165362861,3314183,87675.04657612828,11.38140401193318,0.5435499750525248,83.99117193462232
경남,2022,1-3. 경제적 여건,317881.9,65,0,94.590336,2024,336061.70930611773,15.655566835723711,3280493,102442.44060454259,11.537066126283444,0.6559345704671344,85.94274243473514
경남,2023,1-3. 경제적 여건,466116.0,66,0,97.706583,2024,477056.90413920215,41.955150178877496,3251158,146734.45711934092,11.896386633081796,0.9153560099693591,90.44762343343051
경남,2024,1-3. 경제적 여건,475572.0,69,0,100.0,2024,475572.0,-0.3112635256545593,3228380,147309.79624455608,11.900299894025222,0.9181812976105709,90.49668485501218
경남,2016,2-1. 돌봄 여건,400961.0,59,0,83.786765,2024,478549.3269730607,,3373871,141839.84123075858,11.862460871573413,-1.2257937069228186,33.23238439754863
경남,2017,2-1. 돌봄 여건,714179.7000000001,63,0,85.339636,2024,836867.5254251144,74.87591733092643,3380404,247564.35190146338,12.419429874223042,-0.2907101606770352,45.04603598672913
경남,2018,2-1. 돌봄 여건,710429.0,23,0,86.797969,2024,818485.7412965505,-2.1964986775208306,3373988,242587.03388884326,12.3991199498273,-0.3248080656548829,44.61525012706286
경남,2019,2-1. 돌봄 여건,1185292.0,147,0,87.068452,2024,1361333.4942488698,66.32342209070163,3362553,404851.16346087924,12.911277250957903,0.5350420572399114,55.47841824885885
경남,2020,2-1. 돌봄 여건,1161466.0,159,1,87.535014,2024,1326858.7584849189,-2.532423973228748,3340216,397237.41173771967,12.892291912765721,0.5031679721849674,55.0757276688836
경남,2021,2-1. 돌봄 여건,1447812.5,192,0,89.802171,2024,1612224.3859783744,21.506857882846695,3314183,486462.08914184116,13.094916307517863,0.843349807618148,59.373514424848196
경남,2022,2-1. 돌봄 여건,1051717.4,178,0,94.590336,2024,1111865.5926964886,-31.035307345152475,3280493,338932.4692040155,12.7335591110665,0.2366748093476665,51.70890831964108
경남,2023,2-1. 돌봄 여건,1215179.0,189,0,97.706583,2024,1243702.2795076151,11.857250343667625,3251158,382541.3220482103,12.854594572005597,0.4398786995067409,54.27614412391053
경남,2024,2-1. 돌봄 여건,1203237.0,180,0,100.0,2024,1203237.0,-3.253614645109071,3228380,372706.12505343236,12.828548202680462,0.39614999776659066,53.72368477535352
경남,2016,2-2. 여가 인프라,10751.0,28,0,83.786765,2024,12831.382140126785,,3373871,3803.1632330124016,8.243851333631175,0.20974045076726086,72.63676572455249
경남,2017,2-2. 여가 인프라,18974.05,27,0,85.339636,2024,22233.572685967396,73.27496323593796,3380404,6577.193934798147,8.791515508649182,0.5778806121334956,77.46224750079784
경남,2018,2-2. 여가 인프라,83002.0,6,0,86.797969,2024,95626.66149480987,330.1002940259086,3373988,28342.324126466923,10.252146800878096,1.5597177746611433,90.33190376822232
경남,2019,2-2. 여가 인프라,13336.0,41,0,87.068452,2024,15316.684394480793,-83.98283056727635,3362553,4555.075977830176,8.424217000861336,0.33098235204162657,74.2259718110212
경남,2020,2-2. 여가 인프라,8141.0,46,1,87.535014,2024,9300.278400595218,-39.280080720691245,3340216,2784.334426454822,7.932123226464524,0.00019664470956367734,69.89012212635352
경남,2021,2-2. 여가 인프라,13100.5,46,0,89.802171,2024,14588.177383818482,56.85742679364134,3314183,4401.741661163092,8.389982730666949,0.3079700566816047,73.92433286058109
경남,2022,2-2. 여가 인프라,17582.6,53,0,94.590336,2024,18588.1568281986,27.419322778573974,3280493,5666.269316288314,8.642462678648721,0.4776872173644122,76.14893955101024
경남,2023,2-2. 여가 인프라,14593.0,54,0,97.706583,2024,14935.53407757592,-19.65026863277579,3251158,4593.912100727162,8.432704905276495,0.3366879260842502,74.30075893411998
경남,2024,2-2. 여가 인프라,20079.0,56,0,100.0,2024,20079.0,34.4377770202837,3228380,6219.528060513322,8.735610079318299,0.540300951615363,76.96966346347155
경남,2016,2-3. 가사수행 격차,0.0,0,0,83.786765,2024,0.0,,3373871,0.0,0.0,-0.931640529002546,0.0
경남,2017,2-3. 가사수행 격차,0.0,0,0,85.339636,2024,0.0,,3380404,0.0,0.0,-0.931640529002546,0.0
경남,2018,2-3. 가사수행 격차,0.0,0,0,86.797969,2024,0.0,,3373988,0.0,0.0,-0.931640529002546,0.0
경남,2019,2-3. 가사수행 격차,0.0,0,0,87.068452,2024,0.0,,3362553,0.0,0.0,-0.931640529002546,0.0
경남,2020,2-3. 가사수행 격차,52.0,2,0,87.535014,2024,59.40480000380191,inf,3340216,17.784718115176357,2.9330436730669955,0.8968357088153075,44.54310421292789
경남,2021,2-3. 가사수행 격차,0.0,0,0,89.802171,2024,0.0,-100.0,3314183,0.0,0.0,-0.931640529002546,0.0
경남,2022,2-3. 가사수행 격차,0.0,0,0,94.590336,2024,0.0,,3280493,0.0,0.0,-0.931640529002546,0.0
경남,2023,2-3. 가사수행 격차,0.0,0,0,97.706583,2024,0.0,,3251158,0.0,0.0,-0.931640529002546,0.0
경남,2024,2-3. 가사수행 격차,3.0,1,0,100.0,2024,3.0,inf,3228380,0.9292586374590351,0.6571358034527374,-0.5219783024676641,9.979690668783569
경남,2016,3-1. 의료서비스 여건,40071.0,53,0,83.786765,2024,47824.9756987276,,3373871,14175.10500511952,9.559313080063445,0.7069676319699277,53.867784856282775
경남,2017,3-1. 의료서비스 여건,49611.0,52,1,85.339636,2024,58133.59691386544,21.55489064976588,3380404,17197.233500453036,9.75256195406515,0.8921995351687134,56.88411566888784
경남,2018,3-1. 의료서비스 여건,6256.0,11,0,86.797969,2024,7207.541918405948,-87.6017616300517,3373988,2136.2085219052196,7.667255827491547,-1.1065972214628819,24.335552807701113
경남,2019,3-1. 의료서비스 여건,11535.0,51,0,87.068452,2024,13248.196947385719,83.81019628278136,3362553,3939.922120896152,8.279170015745283,-0.5200684239725571,33.88663366255601
경남,2020,3-1. 의료서비스 여건,12750.0,55,0,87.535014,2024,14565.600000932198,9.944017731457745,3340216,4360.67607631728,8.38061168364588,-0.4228350853259327,35.46998896100871
경남,2021,3-1. 의료서비스 여건,14424.7,54,0,89.802171,2024,16062.75197957074,10.27868387531392,3314183,4846.670198830523,8.486253497141087,-0.32157584502155834,37.11890235722472
경남,2022,3-1. 의료서비스 여건,14985.2,56,0,94.590336,2024,15842.210350114416,-1.3730002787618045,3280493,4829.21632514211,8.482646533457775,-0.3250331730462636,37.062602957012814
경남,2023,3-1. 의료서비스 여건,17587.0,56,0,97.706583,2024,17999.810718997305,13.619313979550252,3251158,5536.430625333283,8.619285886118396,-0.19406233310774162,39.19534236764971
경남,2024,3-1. 의료서비스 여건,20837.0,56,0,100.0,2024,20837.0,15.762328422755445,3228380,6454.320742911305,8.772659991110777,-0.047050985611360834,41.58928665909307
경남,2016,3-2. 산후조리 여건,3609.0,4,0,83.786765,2024,4307.362863335277,,3373871,1276.6827372283285,7.152803354688387,-0.7998084122223647,73.10297685755909
경남,2017,3-2. 산후조리 여건,4941.0,5,0,85.339636,2024,5789.806743492555,34.41650790036741,3380404,1712.7558550671918,7.446442647394213,-0.5168567358820972,76.10402488791965
경남,2018,3-2. 산후조리 여건,4406.0,1,0,86.797969,2024,5076.155641383729,-12.32599175975836,3373988,1504.497242249744,7.31687851613648,-0.6417051095283076,74.77985543725306
경남,2019,3-2. 산후조리 여건,8946.0,12,0,87.068452,2024,10274.674459584972,102.4105481679864,3362553,3055.6171039043766,8.025064061806791,0.0407045416490925,82.01764305545468
경남,2020,3-2. 산후조리 여건,10676.0,14,0,87.535014,2024,12196.26240078056,18.702178339119936,3340216,3651.339434569669,8.203123182239585,0.2122828278854864,83.83744028946418
경남,2021,3-2. 산후조리 여건,14105.0,14,0,89.802171,2024,15706.747223293743,28.78328382216926,3314183,4739.251641594246,8.463845502223888,0.46351561359032156,86.50207075376582
경남,2022,3-2. 산후조리 여건,15165.0,18,0,94.590336,2024,16032.29319324968,2.0726504687943237,3280493,4887.1597022916,8.494571172635952,0.49312295894815744,86.81609280381896
경남,2023,3-2. 산후조리 여건,19947.0,21,0,97.706583,2024,20415.205800411626,27.33802678338837,3251158,6279.364398903906,8.745183283082012,0.7346135173419381,89.37739505158086
경남,2024,3-2. 산후조리 여건,19537.0,19,0,100.0,2024,19537.0,-4.301723964957138,3228380,6051.64200001239,8.708250149918642,0.6990246428259412,88.99993158096144
경남,2016,3-3. 아동안전 수준,48.0,2,0,83.786765,2024,57.288284134135026,,3373871,16.979986530052578,2.889259279880378,-1.3861048521813446,29.608546211154437
경남,2017,3-3. 아동안전 수준,98.0,3,0,85.339636,2024,114.83526833885254,100.45157587540375,3380404,33.970871037560165,3.554515458902347,-1.0966260861382904,36.425957322712236
경남,2018,3-3. 아동안전 수준,46.0,1,0,86.797969,2024,52.99663175298492,-53.8498646630023,3373988,15.707415602244264,2.8158526689011336,-1.4180469157588893,28.856290071140172
경남,2019,3-3. 아동안전 수준,797.0,7,0,87.068452,2024,915.3717353330228,1627.226250150259,3362553,272.2252215304927,5.610296442361174,-0.2020760449476384,57.49318610090389
경남,2020,3-3. 아동안전 수준,1188.0,8,0,87.535014,2024,1357.171200086859,48.26448618638028,3340216,406.3124061697983,6.0095804737284135,-0.028332076314665135,61.584968301427764
경남,2021,3-3. 아동안전 수준,837.0,9,0,89.802171,2024,932.048736327321,-31.32415893678927,3314183,281.2303171935047,5.642723465234125,-0.1879657895847916,57.825491689367276
경남,2022,3-3. 아동안전 수준,3062.0,7,0,94.590336,2024,3237.117161736269,247.3120058605437,3280493,986.7776464501735,6.895457618219142,0.35714742878355366,70.66325855828046
경남,2023,3-3. 아동안전 수준,930.0,8,0,97.706583,2024,951.829417675982,-70.59638653407725,3251158,292.76627517825403,5.682784468785718,-0.17053369313796032,58.23602877171997
경남,2024,3-3. 아동안전 수준,1103.0,11,0,100.0,2024,1103.0,15.8821086548387,3228380,341.6574257057719,5.836731189198651,-0.10354550412628136,59.81364370477324
경남,2016,4-1. 일·가정 양립 여건,1959.0,12,0,83.786765,2024,2338.0780962243857,,3373871,692.9957002577709,6.542465764893621,0.30814792175514005,59.30811717154422
경남,2017,4-1. 일·가정 양립 여건,2134.0,12,1,85.339636,2024,2500.596557501136,6.950942380376035,3380404,739.7330489199326,6.607640302519794,0.34287072786929296,59.898930979829714
경남,2018,4-1. 일·가정 양립 여건,0.0,0,0,86.797969,2024,0.0,-100.0,3373988,0.0,0.0,-3.177458244964427,0.0
경남,2019,4-1. 일·가정 양립 여건,3068.0,15,0,87.068452,2024,3523.6643463007704,inf,3362553,1047.91339981876,6.955510050001564,0.5282040533478943,63.052405600177195
경남,2020,4-1. 일·가정 양립 여건,2157.0,12,0,87.535014,2024,2464.156800157706,-30.06834482561772,3340216,737.7237879699117,6.6049240864934085,0.34142361913813,59.87430820545915
경남,2021,4-1. 일·가정 양립 여건,3020.0,13,0,89.802171,2024,3362.94765078675,36.47458029340995,3314183,1014.7139282250708,6.923347021783472,0.5110686714405224,62.76084448015026
경남,2022,4-1. 일·가정 양립 여건,3553.0,14,0,94.590336,2024,3756.1976733014253,11.693611181330056,3280493,1145.010116863967,7.044041725214747,0.5753707584041036,63.854954234838935
경남,2023,4-1. 일·가정 양립 여건,2409.0,14,0,97.706583,2024,2465.545233528431,-34.36061017093929,3251158,758.3590934456064,6.632474779406619,0.35610170360453663,60.124058037123795
경남,2024,4-1. 일·가정 양립 여건,1958.0,12,0,100.0,2024,1958.0,-20.585517013698627,3228380,606.496137381597,6.409345816974897,0.23722608157239075,58.101371312605515
경남,2016,4-2. 사회적 가치관,25397.0,13,0,83.786765,2024,30311.469836554734,,3373871,8984.181622994694,9.103332013036141,2.860763748491346,96.50295487485674
경남,2017,4-2. 사회적 가치관,273.5,15,1,85.339636,2024,320.4841417415936,-98.9426967960653,3380404,94.80646151808884,4.562330130699053,-0.5322514431445124,48.36452609841794
경남,2018,4-2. 사회적 가치관,3.0,1,0,86.797969,2024,3.456302070846842,-98.92153725545845,3373988,1.0243966697115823,0.7052717152821304,-3.4142273016969247,7.476471737702185
경남,2019,4-2. 사회적 가치관,1118.0,31,0,87.068452,2024,1284.0471770418062,37050.8956891374,3362553,381.866747391582,5.947687010605478,0.5028806843366946,63.05047101130634
경남,2020,4-2. 사회적 가치관,1084.0,36,0,87.535014,2024,1238.3616000792551,-3.55793601507709,3340216,370.7429699394456,5.918202674440393,0.48085012739890604,62.73791231759069
경남,2021,4-2. 사회적 가치관,467.5,29,0,89.802171,2024,520.5887505770879,-57.961491171579425,3314183,157.0790600811989,5.063095288139262,-0.158082079056496,53.67305679049315
경남,2022,4-2. 사회적 가치관,489.0,26,0,94.590336,2024,516.9661306626504,-0.6958698032605959,3280493,157.5879389660793,5.066309259436902,-0.15568061485962156,53.707127582007836
경남,2023,4-2. 사회적 가치관,600.0,28,0,97.706583,2024,614.0834952748271,18.78602075685134,3251158,188.8814678569381,5.246400024098456,-0.02111764479199264,55.61624074086275
경남,2024,4-2. 사회적 가치관,499.0,24,0,100.0,2024,499.0,-18.740691804999997,3228380,154.56668669735285,5.047074493047152,-0.17005274159708048,53.50322292486908
경북,2016,1-1. 고용여건,14503.0,9,0,83.786765,2024,17309.416349945004,,2700398,6409.9500703026015,8.76576275582756,0.02608001591613851,78.46822355838042
경북,2017,1-1. 고용여건,10526.0,10,0,85.339636,2024,12334.245250354712,-28.742569934231778,2691706,4582.315174968853,8.430177852593783,-0.16567651568783967,75.46417793870413
경북,2018,1-1. 고용여건,12958.0,20,0,86.797969,2024,14928.920744677795,21.036354001866986,2676831,5577.087513062198,8.62660125703213,-0.05343824037214644,77.22249561634372
경북,2019,1-1. 고용여건,11394.0,17,0,87.068452,2024,13086.255398223917,-12.342924032943191,2665836,4908.874888861849,8.49900373958039,-0.12634872338865732,76.08028462982789
경북,2020,1-1. 고용여건,9672.0,24,0,87.535014,2024,11049.292800707155,-15.56566439772542,2639422,4186.2547181569125,8.339800599649255,-0.21731897157169466,74.65515051163523
경북,2021,1-1. 고용여건,15109.0,10,0,89.802171,2024,16824.760283356623,52.2700193290184,2626609,6405.5062186098585,8.765069349621111,0.025683796754132494,78.46201641420599
경북,2022,1-1. 고용여건,28332.0,55,0,94.590336,2024,29952.319864896137,78.02523994666093,2600492,11517.943475656199,9.351748217861442,0.3609179025051388,83.7137725787742
경북,2023,1-1. 고용여건,27399.0,26,0,97.706583,2024,28042.122811724978,-6.377459448174139,2554324,10978.295162134866,9.303766520119177,0.3335006860247017,83.28425621037287
경북,2024,1-1. 고용여건,13795.0,48,0,100.0,2024,13795.0,-50.806149403810366,2531384,5449.588051437475,8.603478781182899,-0.06665065168212879,77.01551082167146
경북,2016,1-2. 주거안정성,0.0,0,0,83.786765,2024,0.0,,2700398,0.0,0.0,-2.1430285928748103,0.0
경북,2017,1-2. 주거안정성,0.0,0,0,85.339636,2024,0.0,,2691706,0.0,0.0,-2.1430285928748103,0.0
경북,2018,1-2. 주거안정성,0.0,2,0,86.797969,2024,0.0,,2676831,0.0,0.0,-2.1430285928748103,0.0
경북,2019,1-2. 주거안정성,910.0,3,0,87.068452,2024,1045.1546789875167,inf,2665836,392.05512979324936,5.973949881403166,-0.32780111954357766,48.26298025464988
경북,2020,1-2. 주거안정성,6220.0,5,0,87.535014,2024,7105.7280004547665,579.8733377281887,2639422,2692.153054894127,7.898467925542718,0.25697747686193223,63.81098085860009
경북,2021,1-2. 주거안정성,2440.0,3,0,89.802171,2024,2717.0835324237314,-61.76206671223782,2626609,1034.445375167652,6.942586927312522,-0.033473813100209845,56.0885080124531
경북,2022,1-2. 주거안정성,7445.0,6,0,94.590336,2024,7870.782909577571,189.67761997941093,2600492,3026.6514604073277,8.01554250238639,0.29255142584614197,64.75681537390413
경북,2023,1-2. 주거안정성,154.0,2,0,97.706583,2024,157.61476378720562,-97.99747032032339,2554324,61.705078833854124,4.1384424464932135,-0.88553320459577,33.434088006308045
경북,2024,1-2. 주거안정성,4804.0,10,0,100.0,2024,4804.0,2947.937822935065,2531384,1897.7760782244022,7.548964788232731,0.15077844448713573,60.98737782379055
경북,2016,1-3. 경제적 여건,32841.0,35,0,83.786765,2024,39195.92790102351,,2700398,14514.870734248623,9.582997863240172,-0.7548593922854004,61.44415462305371
경북,2017,1-3. 경제적 여건,33668.0,31,0,85.339636,2024,39451.773616658036,0.652735448132713,2691706,14656.791498275828,9.592727315952633,-0.7478349431362957,61.566134932618034
경북,2018,1-3. 경제적 여건,31994.0,43,0,86.797969,2024,36860.309484891295,-6.568688538435008,2676831,13770.129487028242,9.530329613560578,-0.7928847008593147,60.78384107922001
경북,2019,1-3. 경제적 여건,162219.0,45,0,87.068452,2024,186312.02952821535,405.4543277901206,2665836,69888.78142849574,11.154674729101794,0.3798564596071806,81.14861655926732
경북,2020,1-3. 경제적 여건,192543.0,49,0,87.535014,2024,219961.12321407752,18.060612495644747,2639422,83336.8529981479,11.330658142683331,0.5069125825282649,83.35495970119636
경북,2021,1-3. 경제적 여건,177865.9,33,0,89.802171,2024,198064.14256955992,-9.954932182814114,2626609,75406.78592419348,11.230665810259014,0.43472033542320654,82.10133362132912
경북,2022,1-3. 경제적 여건,222337.0,50,1,94.590336,2024,235052.553360208,18.67496575138925,2600492,90387.72407690853,11.411874804937861,0.5655492120414811,84.37319103407495
경북,2023,1-3. 경제적 여건,207412.0,9,0,97.706583,2024,212280.47653657073,-9.688078898994146,2554324,83106.32344861918,11.327888105102712,0.5049126768088764,83.32023112482374
경북,2024,1-3. 경제적 여건,205504.0,50,0,100.0,2024,205504.0,-3.192227870942854,2531384,81182.46777257026,11.304466906560735,0.48800309072717607,83.0265943568626
경북,2016,2-1. 돌봄 여건,561265.0,76,1,83.786765,2024,669873.0998863603,,2700398,248064.58154922363,12.421448431919307,-0.2873212466083052,45.0888508242208
경북,2017,2-1. 돌봄 여건,717677.0,79,0,85.339636,2024,840965.6211798232,25.54103476053713,2691706,312428.4825979595,12.652134067007989,0.09997201513606781,49.981833569403975
경북,2018,2-1. 돌봄 여건,1167002.0,113,0,86.797969,2024,1344503.8097608022,59.87619183225894,2676831,502274.4468219332,13.126903947042168,0.8970531829588305,60.05199173095092
경북,2019,2-1. 돌봄 여건,696627.0,144,0,87.068452,2024,800091.1742406997,-40.491713862600186,2665836,300127.6801126175,12.611966595381297,0.03253569168946195,49.129857045111585
경북,2020,2-1. 돌봄 여건,721429.0,124,0,87.535014,2024,824160.4896527462,3.0083215747116254,2639422,312250.36756257474,12.651563807682235,0.0990146187458404,49.96973802197156
경북,2021,2-1. 돌봄 여건,955124.9,118,0,89.802171,2024,1063587.7611466653,29.051049461834786,2626609,404928.0883247812,12.91146724020244,0.5353610261873465,55.48244803638733
경북,2022,2-1. 돌봄 여건,1009512.7,163,1,94.590336,2024,1067247.1868584969,0.34406429309474795,2600492,410402.0265620878,12.92489494747546,0.5579045215615497,55.76725788147806
경북,2023,2-1. 돌봄 여건,889652.0,60,0,97.706583,2024,910534.3495637341,-14.683836999004507,2554324,356467.8363291948,12.784002099389138,0.3213624816949181,52.77883480805577
경북,2024,2-1. 돌봄 여건,1394583.0,172,0,100.0,2024,1394583.0,53.1609434249448,2531384,550917.2057656997,13.219341630229515,1.0522448654229684,62.012651260819446
경북,2016,2-2. 여가 인프라,6041.0,12,0,83.786765,2024,7209.969259464785,,2700398,2669.9654123076616,7.890195263684171,-0.02798735506221129,69.52069387170268
경북,2017,2-2. 여가 인프라,469.0,15,0,85.339636,2024,549.56878419308,-92.37765426708802,2691706,204.1711777560699,5.323844644152874,-1.7530896609881468,46.90851890956078
경북,2018,2-2. 여가 인프라,1569.0,40,0,86.797969,2024,1807.6459830528986,228.92078936161312,2676831,675.2932789006474,6.516626826487222,-0.9513008182819407,57.4181504436945
경북,2019,2-2. 여가 인프라,2580.0,51,0,87.068452,2024,2963.185793173399,63.9251170281103,2665836,1111.5409174358058,7.014401793081617,-0.6166962104123326,61.80405724487137
경북,2020,2-2. 여가 인프라,3010.0,41,0,87.535014,2024,3438.624000220072,16.044832833026867,2639422,1302.7943239921742,7.173034003046521,-0.5100635511326889,63.201769334193266
경북,2021,2-2. 여가 인프라,769.3,19,0,89.802171,2024,856.66080389081,-75.0871044977298,2626609,326.14706029363714,5.790409795469589,-1.43946430821069,51.0194353028705
경북,2022,2-2. 여가 인프라,13150.0,39,0,94.590336,2024,13902.05443397516,1522.8190166789882,2600492,5345.932398167408,8.584278291922747,0.4385756404247823,75.63627556710264
경북,2023,2-2. 여가 인프라,14125.0,16,0,97.706583,2024,14456.548951261555,3.988579673024928,2554324,5659.637912520712,8.641291870238804,0.476900199303679,76.13862353089564
경북,2024,2-2. 여가 인프라,8020.0,35,0,100.0,2024,8020.0,-44.523412696637166,2531384,3168.227341248898,8.061243096230731,0.0869910925840403,71.02780030018607
경북,2016,2-3. 가사수행 격차,26.0,4,0,83.786765,2024,31.031153905989804,,2700398,11.491326058599437,2.5250344881255447,0.6424804442389821,38.34681200917941
경북,2017,2-3. 가사수행 격차,12.0,2,0,85.339636,2024,14.061461429247249,-54.68598598734986,2691706,5.223996019345073,1.8284121473105057,0.20820208397801154,27.767453164675338
경북,2018,2-3. 가사수행 격차,14.0,3,0,86.797969,2024,16.129409663951932,14.706495801378349,2676831,6.025561443345483,1.9495551327872385,0.28372331550842916,29.607209141139467
경북,2019,2-3. 가사수행 격차,10.0,2,0,87.068452,2024,11.485216252610073,-28.793325410546778,2665836,4.308298129596146,1.6692712809809016,0.10899275572237263,25.350636716101004
경북,2020,2-3. 가사수행 격차,40.0,2,0,87.535014,2024,45.69600000292454,297.86799828466354,2639422,17.312881381955798,2.9076047128788267,0.8809769152194309,44.15677165840945
경북,2021,2-3. 가사수행 격차,48.0,2,0,89.802171,2024,53.45082358866357,16.97046477862989,2626609,20.349745085265287,3.0610397998031327,0.9766292278886265,46.48693643895716
경북,2022,2-3. 가사수행 격차,35.0,2,0,94.590336,2024,37.001665793850236,-30.77437668949604,2600492,14.228717409571049,2.723182948624832,0.7660073302891581,41.356023091407096
경북,2023,2-3. 가사수행 격차,37.0,1,0,97.706583,2024,37.86848220861434,2.342641597795758,2554324,14.825246213328592,2.761606526413384,0.7899608089241515,41.93954847337978
경북,2024,2-3. 가사수행 격차,72.0,3,0,100.0,2024,72.0,90.13172908108106,2531384,28.44293872442901,3.3824541096815266,1.1770007509940867,51.368142686209836
경북,2016,3-1. 의료서비스 여건,18138.0,82,0,83.786765,2024,21647.810367186274,,2700398,8016.525848110639,8.989385155523527,0.1606832890778114,44.97204785065017
경북,2017,3-1. 의료서비스 여건,20876.0,79,0,85.339636,2024,24462.255733080467,13.001062547001641,2691706,9088.01174165398,9.114821461971163,0.28091584356771054,46.92992418039289
경북,2018,3-1. 의료서비스 여건,17083.0,95,0,86.797969,2024,19681.336092092202,-19.54406696240607,2676831,7352.476152619348,8.902928426337809,0.07781323576370387,43.62258541498479
경북,2019,3-1. 의료서비스 여건,15596.0,91,0,87.068452,2024,17912.34326757067,-8.9881744625676,2665836,6719.2217629181505,8.812876433406942,-0.008502931011378743,42.217006197941224
경북,2020,3-1. 의료서비스 여건,12185.0,82,0,87.535014,2024,13920.144000890888,-22.287420506882782,2639422,5273.936490978285,8.570721918646822,-0.24061161401876155,38.43733023317503
경북,2021,3-1. 의료서비스 여건,14686.2,76,0,89.802171,2024,16353.947612246478,17.48404047544212,2626609,6226.258880650481,8.736691527904295,-0.08152728944127756,41.027871828542466
경북,2022,3-1. 의료서비스 여건,14292.0,85,0,94.590336,2024,15109.36592930593,-7.610282926481659,2600492,5810.195120502554,8.667541529295338,-0.14780858559215404,39.948542013177274
경북,2023,3-1. 의료서비스 여건,19944.0,20,0,97.706583,2024,20412.135382935252,35.09590990409557,2554324,7991.2083913142005,8.986222394977707,0.15765173632858784,44.9226818083561
경북,2024,3-1. 의료서비스 여건,18317.0,82,0,100.0,2024,18317.0,-10.264165623194943,2531384,7235.962619657863,8.886956869681843,0.0625042625460605,43.3732928966427
경북,2016,3-2. 산후조리 여건,3164.0,4,0,83.786765,2024,3776.252729175067,,2700398,1398.4059865157162,7.243803130218693,-0.7121207638983929,74.03301144047191
경북,2017,3-2. 산후조리 여건,3245.0,4,0,85.339636,2024,3802.4535281589438,0.6938306533736727,2691706,1412.6555902312302,7.253934245523178,-0.7023583917301958,74.13655331781982
경북,2018,3-2. 산후조리 여건,4003.0,5,0,86.797969,2024,4611.85906319997,21.286401767884854,2676831,1722.8801755508543,7.4523329450673375,-0.5111808279155724,76.16422482256489
경북,2019,3-2. 산후조리 여건,8098.0,9,0,87.068452,2024,9300.728121363638,101.66982541982246,2665836,3488.85982534696,8.15761684973282,0.16843279355174268,83.37235713155326
경북,2020,3-2. 산후조리 여건,10699.0,14,0,87.535014,2024,12222.537600782241,31.4148466796621,2639422,4630.762947638627,8.440692840835862,0.4412056417499939,86.26544626044316
경북,2021,3-2. 산후조리 여건,19649.0,12,0,89.802171,2024,21880.317347784385,79.01615902072616,2626609,8330.252941257868,9.02776913696616,1.0069140678907684,92.2654748871919
경북,2022,3-2. 산후조리 여건,32202.0,14,0,94.590336,2024,34043.64691124472,55.59027947413207,2600492,13091.233086371627,9.479774439187887,1.4424676915212922,96.88505290566917
경북,2023,3-2. 산후조리 여건,19547.0,4,0,97.706583,2024,20005.816803561742,-41.2348011488929,2554324,7832.137506268485,8.966118411951888,0.9475072499896734,91.63539304368419
경북,2024,3-2. 산후조리 여건,27354.0,8,0,100.0,2024,27354.0,36.73023335458125,2531384,10805.94647038932,9.287944398055895,1.2576197060539764,94.92451430813246
경북,2016,3-3. 아동안전 수준,663.0,3,0,83.786765,2024,791.29442460274,,2700398,293.02881449428565,5.683677771020129,-0.17014498268824896,58.245183152800365
경북,2017,3-3. 아동안전 수준,490.0,2,0,85.339636,2024,574.1763416942626,-27.4383435745145,2691706,213.3131707899238,5.367438360179973,-0.3077530159706693,55.00442546973196
경북,2018,3-3. 아동안전 수준,528.0,5,0,86.797969,2024,608.3091644690443,5.944658512759937,2676831,227.24974586331535,5.4304404060607245,-0.28033838221775886,55.65005772566946
경북,2019,3-3. 아동안전 수준,661.0,7,0,87.068452,2024,759.1727942975258,24.800486108106078,2665836,284.7785063663053,5.655217057511333,-0.1825293430099275,57.95352350252401
경북,2020,3-3. 아동안전 수준,679.0,7,0,87.535014,2024,775.6896000496441,2.1756319346772246,2639422,293.8861614586997,5.686589388503476,-0.16887802499157958,58.27502082137002
경북,2021,3-3. 아동안전 수준,2362.0,11,0,89.802171,2024,2630.2259440921534,239.0822751682914,2626609,1001.3770394040961,6.910129497697111,0.3635317326062687,70.81361301921547
경북,2022,3-3. 아동안전 수준,3264.0,12,0,94.590336,2024,3450.6696328893477,31.19289772956664,2600492,1326.9295321382829,7.191376265479597,0.48591310967361817,73.6957731557645
경북,2023,3-3. 아동안전 수준,1336.0,6,0,97.706583,2024,1367.359249478615,-60.3740898159038,2554324,535.3115930001891,6.284715322388078,0.0913897676861436,64.4044947238456
경북,2024,3-3. 아동안전 수준,1457.0,9,0,100.0,2024,1457.0,6.555757059131717,2531384,575.5744683540703,6.357104504574381,0.1228891085340018,65.14632445884935
경북,2016,4-1. 일·가정 양립 여건,468.0,9,0,83.786765,2024,558.5607703078165,,2700398,206.84386905478988,5.336787168293624,-0.3341971668414491,48.37851814145463
경북,2017,4-1. 일·가정 양립 여건,927.0,13,0,85.339636,2024,1086.2478954093501,94.47264347095685,2691706,403.55369249440696,6.002784465623903,0.020623839490669198,54.4158513374409
경북,2018,4-1. 일·가정 양립 여건,941.0,19,0,86.797969,2024,1084.1267495556262,-0.19527272390474915,2676831,405.003808442007,6.006362539956769,0.022530117399915863,54.448286944963805
경북,2019,4-1. 일·가정 양립 여건,4745.0,19,0,87.068452,2024,5449.73511186348,402.68431381268624,2665836,2044.2874624933715,7.623293627054498,0.8839767295611425,69.10593160341679
경북,2020,4-1. 일·가정 양립 여건,3546.0,19,0,87.535014,2024,4050.9504002592607,-25.66702202753336,2639422,1534.7869345103818,7.3367981895744,0.7313415764700678,66.50882134166231
경북,2021,4-1. 일·가정 양립 여건,2302.0,17,0,89.802171,2024,2563.4124146063236,-36.720715848748355,2626609,975.9398580475143,6.884425092366565,0.4903323738317265,62.408013233743574
경북,2022,4-1. 일·가정 양립 여건,2552.0,19,1,94.590336,2024,2697.9500315973087,5.248379707626816,2600492,1037.4767665492948,6.945510270941973,0.5228765066998134,62.96175658656858
경북,2023,4-1. 일·가정 양립 여건,3208.0,5,0,97.706583,2024,3283.2997547360756,21.69609208040868,2554324,1285.3889149285976,7.159594281261173,0.6369332818332467,64.90244990080735
경북,2024,4-1. 일·가정 양립 여건,3136.0,17,0,100.0,2024,3136.0,-4.486332827930173,2531384,1238.8479977751301,7.12274406864583,0.617300725400748,64.56839897778772
경북,2016,4-2. 사회적 가치관,1456.0,53,0,83.786765,2024,1737.7446187354292,,2700398,643.5142592815686,6.468496946698607,0.8920274125052843,68.57149316991807
경북,2017,4-2. 사회적 가치관,1241.0,45,0,85.339636,2024,1454.1894694746532,-16.31742352723391,2691706,540.2482550006031,6.293878055294141,0.7615530003306226,66.7203864571923
경북,2018,4-2. 사회적 가치관,1618.0,51,0,86.797969,2024,1864.0989168767303,28.1881732749834,2676831,696.3827439523565,6.5473343905347345,0.9509343787512551,69.40723620049985
경북,2019,4-2. 사회적 가치관,1793.0,57,0,87.068452,2024,2059.2992740929863,10.471566473699333,2665836,772.4778546365892,6.650897039527758,1.0283159016892134,70.50508714432817
경북,2020,4-2. 사회적 가치관,3541.0,70,0,87.535014,2024,4045.238400258895,96.43761599637388,2639422,1532.6228243376372,7.335388074469954,1.5397643750164525,77.76126624036446
경북,2021,4-2. 사회적 가치관,502.0,20,0,89.802171,2024,559.0065300314399,-86.18112272454293,2626609,212.82441735006614,5.365155198571592,0.06761566153849023,56.87514519770619
경북,2022,4-2. 사회적 가치관,2604.0,41,0,94.590336,2024,2752.9239350624575,392.4672230407803,2600492,1058.616575272086,6.965662400227703,1.2635070948067098,73.84186398123758
경북,2023,4-2. 사회적 가치관,760.0,10,0,97.706583,2024,777.8390940147809,-71.74498415637723,2554324,304.518570868371,5.722010565203948,0.3342563085970211,60.65811140103233
경북,2024,4-2. 사회적 가치관,2028.0,35,0,100.0,2024,2028.0,160.72230305789478,2531384,801.1427740714171,6.6872866145553225,1.0555060205407287,70.8908471618439
광주,2016,1-1. 고용여건,21118.0,27,0,83.786765,2024,25204.45800718049,,1469214,17155.06250769492,9.750106889118996,0.5885439857962108,87.27974831224658
광주,2017,1-1. 고용여건,19888.0,18,0,85.339636,2024,23304.52874207244,-7.538068323336988,1463770,15920.895183035887,9.675450496473726,0.5458845849180105,86.61144885316568
광주,2018,1-1. 고용여건,5005.0,8,0,86.797969,2024,5766.263954862816,-75.25689526408321,1459336,3951.2928858486434,8.28205116691335,-0.25031756840017033,74.13819659393101
광주,2019,1-1. 고용여건,37322.0,33,0,87.068452,2024,42865.12409799131,643.3777647629574,1456468,29430.872561560784,10.289833466847293,0.8969490885357858,92.11120302318182
광주,2020,1-1. 고용여건,55584.0,15,0,87.535014,2024,63499.16160406395,48.137122988148676,1450062,43790.65281626851,10.687198503231782,1.1240073990364143,95.66828406425527
광주,2021,1-1. 고용여건,24452.0,15,0,89.802171,2024,27228.740383125034,-57.11952773029621,1441611,18887.716855049686,9.846320030980865,0.6435211263063162,88.1410166964328
광주,2022,1-1. 고용여건,12569.5,9,0,94.590336,2024,13288.355377022872,-51.19731875199667,1431050,9285.738008471311,9.136342640811842,0.2378330260844305,81.78553273856029
광주,2023,1-1. 고용여건,21178.0,13,0,97.706583,2024,21675.100438217145,63.11349164920694,1419237,15272.361443661026,9.633865507821818,0.522122511255461,86.23919371951615
광주,2024,1-1. 고용여건,11101.0,9,0,100.0,2024,11101.0,-48.78455104906034,1408422,7881.870632523491,8.972447409980619,0.14418167077082403,80.31839656670041
광주,2016,1-2. 주거안정성,9470.0,2,0,83.786765,2024,11302.501057297057,,1469214,7692.889570407753,8.948181730519838,0.5759405374428781,72.29152014138774
광주,2017,1-2. 주거안정성,11231.0,2,0,85.339636,2024,13160.35610932299,16.43755698502214,1463770,8990.726759889183,9.104060184648777,0.6233053225603573,73.55084753835332
광주,2018,1-2. 주거안정성,1616.0,1,0,86.797969,2024,1861.7947154961657,-85.85300655977505,1459336,1275.7820786276538,7.152098190434485,0.030187685295552946,57.78112983820016
광주,2019,1-2. 주거안정성,36504.0,3,0,87.068452,2024,41925.633408527814,2151.893458476956,1456468,28785.82530376762,10.26767310672941,0.9768774459320853,82.95156709531793
광주,2020,1-2. 주거안정성,6748.0,4,0,87.535014,2024,7708.91520049337,-81.6128831605789,1450062,5316.265925521371,8.578714526457427,0.46367528034777844,69.30662928552127
광주,2021,1-2. 주거안정성,7056.0,5,0,89.802171,2024,7857.271067533545,1.9244713838683758,1441611,5450.34067271514,8.603616852399085,0.4712420305041306,69.50781283896193
광주,2022,1-2. 주거안정성,2451.0,3,0,94.590336,2024,2591.1737960207693,-67.02196253954418,1431050,1810.680127193857,7.502009940773411,0.13651087766680362,60.60803401930971
광주,2023,1-2. 주거안정성,2021.0,1,0,97.706583,2024,2068.4379065840426,-20.173710086119467,1419237,1457.429524867265,7.285115467857327,0.07060593807623292,58.85576393477513
광주,2024,1-2. 주거안정성,11226.0,3,0,100.0,2024,11226.0,442.72840215635824,1408422,7970.6224412853535,8.983643319609701,0.5867157953613095,72.57801099049419
광주,2016,1-3. 경제적 여건,2996.0,15,0,83.786765,2024,3575.7437347055943,,1469214,2433.7800583887674,7.797611706340118,-2.043868614211834,39.060371840329196
광주,2017,1-3. 경제적 여건,2570.0,11,0,85.339636,2024,3011.496322763786,-15.77986158418775,1463770,2057.356225885068,7.629662994653703,-2.1651238605000303,36.9547615405639
광주,2018,1-3. 경제적 여건,31276.0,13,0,86.797969,2024,36033.101189268615,1096.518186553833,1459336,24691.435823736698,10.114252233760446,-0.37130551507916465,68.10460865768448
광주,2019,1-3. 경제적 여건,91007.0,14,0,87.068452,2024,104523.50755012849,190.07635784970321,1456468,71765.05597797445,11.181166885284105,0.3989832090197592,81.48075460522398
광주,2020,1-3. 경제적 여건,2621.0,8,0,87.535014,2024,2994.230400191631,-97.13535216108623,1450062,2064.8981906922813,7.63332037000083,-2.1624833165861697,37.00061486759268
광주,2021,1-3. 경제적 여건,129806.8,12,0,89.802171,2024,144547.5076543528,4727.534569320443,1441611,100268.03878047047,11.51561224015977,0.6404453403346514,85.67377029950171
광주,2022,1-3. 경제적 여건,165594.0,14,2,94.590336,2024,175064.39558476672,21.112012531815495,1431050,122332.82945024053,11.714508893811932,0.7840443145829411,88.16738182121912
광주,2023,1-3. 경제적 여건,186678.0,13,0,97.706583,2024,191059.79788485696,9.136867748956545,1419237,134621.48878929802,11.810229760909026,0.8531526584233468,89.36745559158798
광주,2024,1-3. 경제적 여건,101236.0,14,0,100.0,2024,101236.0,-47.0134475589625,1408422,71879.02489452735,11.182753687231983,0.40012884484553346,81.50064869367272
광주,2016,2-1. 돌봄 여건,315438.0,57,0,83.786765,2024,376477.1202229851,,1469214,256243.89654807613,12.453888893326484,-0.23285763813069882,45.77693275810487
광주,2017,2-1. 돌봄 여건,315056.7,62,0,85.339636,2024,369179.8029229935,-1.9383162768747964,1463770,252211.6199423362,12.438027740683454,-0.259486593764555,45.44050805540838
광주,2018,2-1. 돌봄 여건,320027.54000000004,75,0,86.797969,2024,368703.94974334026,-0.12889469464083536,1459336,252651.85655896948,12.439771717044302,-0.25655866852578546,45.47749885563031
광주,2019,2-1. 돌봄 여건,426217.0,81,0,87.068452,2024,489519.44155387074,32.76761528989092,1456468,336100.375397105,12.725168105930665,0.22258732727657085,51.53092999286491
광주,2020,2-1. 돌봄 여건,37576.0,37,0,87.535014,2024,42926.82240274732,-91.23082379190382,1450062,29603.43930311071,10.295679605523251,-3.8562298272095226,0.0
광주,2021,2-1. 돌봄 여건,74892.7,49,0,89.802171,2024,83397.42699538967,94.27812804996307,1441611,57850.159991419096,10.965628784130713,-2.7314662393679914,14.210029895514682
광주,2022,2-1. 돌봄 여건,82538.0,50,1,94.590336,2024,87258.38546550888,4.62958943605376,1431050,60975.07806541272,11.018236903377398,-2.643143574242125,15.325880128805588
광주,2023,2-1. 돌봄 여건,81766.0,55,0,97.706583,2024,83685.25179106918,-4.0948885948068225,1419237,58964.95919361543,10.984715593560683,-2.699421796385729,14.61487274221183
광주,2024,2-1. 돌봄 여건,207724.0,46,0,100.0,2024,207724.0,148.22055924335297,1408422,147487.0457859931,11.901502405958956,-1.1602476958334444,34.06047910756601
광주,2016,2-2. 여가 인프라,1960.0,22,0,83.786765,2024,2339.271602143847,,1469214,1592.1925615627451,7.373495182430625,-0.3753134354733916,64.96803744535983
광주,2017,2-2. 여가 인프라,1458.0,17,1,85.339636,2024,1708.4675636535408,-26.96583149695828,1463770,1167.1694075254588,7.0631931935603935,-0.5838986040234339,62.23395940861996
광주,2018,2-2. 여가 인프라,2169.52,19,0,86.797969,2024,2499.5054895812136,46.30102102939819,1459336,1712.7690193219473,7.446450328887558,-0.32627294567274084,65.61084693659534
광주,2019,2-2. 여가 인프라,9032.0,18,0,87.068452,2024,10373.447319357418,315.01998545702196,1456468,7122.3310909387765,8.871130744849355,0.6313980179433222,78.16373919757129
광주,2020,2-2. 여가 인프라,3927.0,14,0,87.535014,2024,4486.204800287117,-56.75299963286443,1450062,3093.8020583168973,8.037479227763903,0.07101700705657923,70.8184163027464
광주,2021,2-2. 여가 인프라,3195.8,9,0,89.802171,2024,3558.7112921802304,-20.674346120969044,1441611,2468.5655784953296,7.811797535001783,-0.08068635164516598,68.82992966196876
광주,2022,2-2. 여가 인프라,5026.0,14,0,94.590336,2024,5313.439207996894,49.307959307416496,1431050,3712.9654505411368,8.21985543937642,0.1936103973768193,72.42533734250208
광주,2023,2-2. 여가 인프라,2428.0,9,0,97.706583,2024,2484.9912108788003,-53.231963073204824,1419237,1750.9346295782877,7.468475958915692,-0.31146730498520836,65.80491527474726
광주,2024,2-2. 여가 인프라,4328.0,13,0,100.0,2024,4328.0,74.16560594069193,1408422,3072.9426265707293,8.030716259828962,0.06647093627003914,70.75882763507005
광주,2016,2-3. 가사수행 격차,11.0,3,0,83.786765,2024,13.128565114072611,,1469214,8.93577458019908,2.2961418377557337,0.4997874539996957,34.87069971238073
광주,2017,2-3. 가사수행 격차,19.0,4,0,85.339636,2024,22.263980596308144,69.58426456249367,1463770,15.210026572691165,2.7856299750239195,0.8049371644889053,42.304384150679496
광주,2018,2-3. 가사수행 격차,22.8,3,0,86.797969,2024,26.267895738436003,17.983824252846304,1459336,17.999895663806008,2.9444334877727316,0.9039361845885883,44.71607732889689
광주,2019,2-3. 가사수행 격차,11.0,1,0,87.068452,2024,12.63373787787108,-51.90426365449212,1456468,8.674229628025525,2.2694656107353244,0.48315734116866227,34.4655772209944
광주,2020,2-3. 가사수행 격차,16.0,2,0,87.535014,2024,18.278400001169818,44.67927210351401,1450062,12.605254120975392,2.6104560505595114,0.6957327358915157,39.644079278830596
광주,2021,2-3. 가사수행 격차,3.0,1,0,89.802171,2024,3.340676474291473,-81.72336487833908,1441611,2.31732171458977,1.1991577448878246,-0.1840787173402389,18.21118754171987
광주,2022,2-3. 가사수행 격차,5.0,1,0,94.590336,2024,5.285952256264319,58.22999613829476,1431050,3.693757909412193,1.5462335216233631,0.032290311293932096,23.482105474131053
광주,2023,2-3. 가사수행 격차,8.0,2,0,97.706583,2024,8.187779936997694,54.89697106693414,1419237,5.7691421073419695,1.9123743591518658,0.26054460810620544,29.04255778938312
광주,2024,2-3. 가사수행 격차,8.0,2,0,100.0,2024,8.0,-2.2934169999999976,1408422,5.680115760759204,1.8991353168533718,0.25229131325193926,28.841501103389575
광주,2016,3-1. 의료서비스 여건,4562.0,15,0,83.786765,2024,5444.77400458175,,1469214,3705.9094213516546,8.217953768363847,-0.5787451022597022,32.93113803981282
광주,2017,3-1. 의료서비스 여건,3957.0,15,1,85.339636,2024,4636.7669062942805,-14.840048413534435,1463770,3167.6881656915225,8.061072953363384,-0.7291176831506827,30.482459160636978
광주,2018,3-1. 의료서비스 여건,56078.6,15,0,86.797969,2024,64608.19377006391,1293.3888650378371,1459336,44272.322323347,10.698137569744445,1.798547744520213,71.64316086361576
광주,2019,3-1. 의료서비스 여건,2315.0,17,0,87.068452,2024,2658.827562479232,-95.88468983989583,1456468,1825.5310535344627,7.5101738477521645,-1.2571626217306329,21.883734042699036
광주,2020,3-1. 의료서비스 여건,2549.0,15,0,87.535014,2024,2911.9776001863665,9.521115294558037,1450062,2008.174547147892,7.605479243643096,-1.165810990539058,23.371311156503086
광주,2021,3-1. 의료서비스 여건,2290.0,17,0,89.802171,2024,2550.049708709158,-12.42893803352214,1441611,1768.8889088035246,7.478672060210331,-1.2873575508896304,21.392037452457945
광주,2022,3-1. 의료서비스 여건,2386.0,18,1,94.590336,2024,2522.456416689333,-1.0820687897018622,1431050,1762.6612743714986,7.4751471967969305,-1.2907361845916527,21.33701951675721
광주,2023,3-1. 의료서비스 여건,3359.0,18,0,97.706583,2024,3437.844101046907,36.28953421359802,1419237,2422.3185423202094,7.792893178259072,-0.9861719630196341,26.296567143706042
광주,2024,3-1. 의료서비스 여건,6942.0,19,0,100.0,2024,6942.0,101.92887739982139,1408422,4928.9204513988,8.503078131287651,-0.30544918441517427,37.38151016101788
광주,2016,3-2. 산후조리 여건,2263.0,2,0,83.786765,2024,2700.903895740574,,1469214,1838.332534090047,7.517158031580238,-0.44871518604350913,76.82674922931174
광주,2017,3-2. 산후조리 여건,1900.0,1,0,85.339636,2024,2226.3980596308147,-17.568408741165243,1463770,1521.0026572691165,7.327782284326228,-0.6311982067930332,74.89129397038609
광주,2018,3-2. 산후조리 여건,2038.0,2,0,86.797969,2024,2347.9812067952885,5.460979748816119,1459336,1608.9380422296774,7.383950974150859,-0.5770738939421718,75.46534839754685
광주,2019,3-2. 산후조리 여건,4477.0,4,0,87.068452,2024,5141.93131629353,118.99371687525755,1456468,3530.4114586063884,8.169452916640687,0.1798380620428759,83.49332393049134
광주,2020,3-2. 산후조리 여건,277.0,3,0,87.535014,2024,316.44480002025244,-93.84579877569512,1450062,218.22846196938644,5.390114391395611,-2.498340623065967,55.08796874102735
광주,2021,3-2. 산후조리 여건,311.0,3,0,89.802171,2024,346.3167945015494,9.43987528927166,1441611,240.2290177458062,5.485746763362339,-2.4061889913444916,56.06534931869065
광주,2022,3-2. 산후조리 여건,663.0,4,0,94.590336,2024,700.9172691806488,102.39193718268056,1431050,489.7922987880569,6.196021021572771,-1.7217666506895555,63.324483966428936
광주,2023,3-2. 산후조리 여건,466.0,3,0,97.706583,2024,476.9381813301157,-31.955139029797042,1419237,336.0525277526697,5.820238786908382,-2.0838715047688168,59.48391983486412
광주,2024,3-2. 산후조리 여건,4127.0,4,0,100.0,2024,4127.0,765.3113048090129,1408422,2930.2297180816545,7.983177312966099,0.0003423486615512556,81.58955271390595
광주,2016,3-3. 아동안전 수준,454.0,5,0,83.786765,2024,541.8516874353604,,1469214,368.80378721912564,5.912972560163768,-0.07036992653020473,60.59494989322853
광주,2017,3-3. 아동안전 수준,1215.0,6,0,85.339636,2024,1423.7229697112841,162.75141385088438,1463770,972.6411729378824,6.881042830156594,0.35087499540720657,70.51553871830416
광주,2018,3-3. 아동안전 수준,1279.0,5,0,86.797969,2024,1473.536782871037,3.4988417142595374,1459336,1009.7309892108719,6.918429099747283,0.36714321136572114,70.89866566663551
광주,2019,3-3. 아동안전 수준,2416.0,6,0,87.068452,2024,2774.8282466305936,88.310755380271,1456468,1905.1762528463337,7.552854552575928,0.643206332645016,77.4001297160604
광주,2020,3-3. 아동안전 수준,670.0,4,0,87.535014,2024,765.4080000489861,-72.41602246991674,1450062,527.8450163158445,6.270695414104519,0.08528916181739656,64.26082153217997
광주,2021,3-3. 아동안전 수준,71.0,3,0,89.802171,2024,79.06267655823153,-89.67051865760855,1441611,54.84328057862456,4.022549206345627,-0.8929664495219528,41.22227274378026
광주,2022,3-3. 아동안전 수준,144.0,7,0,94.590336,2024,152.2354249804124,92.55030515984039,1431050,106.38022779107116,4.676376066346906,-0.6084610234810701,47.92255849980399
광주,2023,3-3. 아동안전 수준,75.0,4,0,97.706583,2024,76.76043690935339,-49.57780889748238,1419237,54.08570725633096,4.008890286072969,-0.8989099755059168,41.0822988844234
광주,2024,3-3. 아동안전 수준,35.0,3,0,100.0,2024,35.0,-54.40359459999999,1408422,24.85050645332152,3.2523301927672184,-1.2281186159570932,33.32922367924968
광주,2016,4-1. 일·가정 양립 여건,7424.0,15,0,83.786765,2024,8860.587946079551,,1469214,6030.835498490725,8.704806637845548,1.4601705615608158,78.9099569772642
광주,2017,4-1. 일·가정 양립 여건,4264.0,12,1,85.339636,2024,4996.505961192523,-43.60976955932961,1463770,3413.450173997638,8.135771755820706,1.1570078756347728,73.7515979318235
광주,2018,4-1. 일·가정 양립 여건,5446.7,17,0,86.797969,2024,6275.146829760499,25.590700351387174,1459336,4300.001390879482,8.366603156168823,1.2799870980623882,75.84410803897275
광주,2019,4-1. 일·가정 양립 여건,907.0,15,0,87.068452,2024,1041.7091141117337,-83.39944638153602,1456468,715.2296611471955,6.574000871321677,0.32494876800849076,59.593986116718995
광주,2020,4-1. 일·가정 양립 여건,383.0,7,0,87.535014,2024,437.5392000280025,-57.997948361900185,1450062,301.7382705208484,5.712868638564083,-0.13383358236574372,51.787734896478746
광주,2021,4-1. 일·가정 양립 여건,766.0,13,0,89.802171,2024,852.9860597690895,94.95077463104984,1441611,591.6894777919213,6.3846706156278055,0.22407996249875636,57.87768810426877
광주,2022,4-1. 일·가정 양립 여건,508.0,11,2,94.590336,2024,537.0527492364548,-37.03850806403102,1431050,375.28580359627887,5.9303489705956265,-0.017967361018891407,53.75921621226106
광주,2023,4-1. 일·가정 양립 여건,165.0,6,0,97.706583,2024,168.87296120057744,-68.555609958115,1419237,118.9885559639281,4.787396371267062,-0.6268941436189652,43.398234723257914
광주,2024,4-1. 일·가정 양립 여건,528.0,7,0,100.0,2024,528.0,212.66106560000003,1408422,374.88764021010746,5.929290269503106,-0.01853140142650096,53.74961897924506
광주,2016,4-2. 사회적 가치관,73.0,6,0,83.786765,2024,87.12593212066369,,1469214,59.30104948677571,4.099349508005826,-0.878188381057135,43.45654316692468
광주,2017,4-2. 사회적 가치관,135.0,9,0,85.339636,2024,158.19144107903156,81.56642600959128,1463770,108.07124143754248,4.692001259901571,-0.43536178691863114,49.7391488312901
광주,2018,4-2. 사회적 가치관,168.8,9,0,86.797969,2024,194.474596519649,22.93623169062009,1459336,133.26238544080937,4.899795985675943,-0.28009854775622245,51.941947214994165
광주,2019,4-2. 사회적 가치관,123.0,8,0,87.068452,2024,141.2681599071039,-27.359067747015132,1456468,96.99365856792178,4.584902768086293,-0.5153852749387473,48.60381498781227
광주,2020,4-2. 사회적 가치관,103.0,8,0,87.535014,2024,117.6672000075307,-16.706496294064344,1450062,81.14632340377908,4.408502088810778,-0.647191030607949,46.73381982915591
광주,2021,4-2. 사회적 가치관,317.4,6,0,89.802171,2024,353.44357098003786,200.3756110092001,1441611,245.1726374035977,5.506033067864689,0.17287894111034577,58.36856877533571
광주,2022,4-2. 사회적 가치관,135.0,5,0,94.590336,2024,142.72071091913662,-59.6199442747263,1431050,99.73146355412922,4.612458199325155,-0.49479598666533725,48.895925671416165
광주,2023,4-2. 사회적 가치관,36.0,4,0,97.706583,2024,36.84500971648963,-74.18383815551097,1419237,25.961139483038863,3.2943965508422894,-1.479645434583488,34.923366656357395
광주,2024,4-2. 사회적 가치관,46.0,4,0,100.0,2024,46.0,24.847300499999992,1408422,32.66066562436542,3.5163299635037224,-1.3138178352555006,37.276046980069566
대구,2016,1-1. 고용여건,16886.0,17,1,83.786765,2024,20153.54095602092,,2484557,8111.522881552292,9.001164181538696,0.16059071795911364,80.57545965559089
대구,2017,1-1. 고용여건,26512.0,14,0,85.339636,2024,31066.455451016926,54.14886901914746,2475231,12550.931792231482,9.43762986038213,0.4099915221451366,84.48255678074158
대구,2018,1-1. 고용여건,15046.0,12,0,86.797969,2024,17334.5069859872,-44.20185137207285,2461769,7041.4839840729155,8.859716225565892,0.07976595743369085,79.30926410132824
대구,2019,1-1. 고용여건,23530.0,13,0,87.068452,2024,27024.713842391502,55.901254441430815,2438031,11084.647341396194,9.313406518306182,0.3390090762985067,83.37055030181831
대구,2020,1-1. 고용여건,24179.0,14,0,87.535014,2024,27622.089601767813,2.210479499839346,2418346,11421.89314588062,9.343374791394531,0.35613324383467065,83.63881642056441
대구,2021,1-1. 고용여건,19819.0,21,0,89.802171,2024,22069.622347994235,-20.1015467469131,2385412,9251.912184559413,9.132693611720846,0.2357479347842301,81.75286783095794
대구,2022,1-1. 고용여건,94274.0,31,0,94.590336,2024,99665.57260141248,351.5961851538907,2363691,42165.229127416605,10.649374922002865,1.1023946307640409,95.32969981205474
대구,2023,1-1. 고용여건,164862.0,29,0,97.706583,2024,168731.72199666424,69.29790056137493,2374960,71046.13214397895,11.171098768797568,1.4005127950568625,99.99999999999999
대구,2024,1-1. 고용여건,103581.0,28,0,100.0,2024,103581.0,-38.61201748296757,2363629,43822.86729431734,10.687933863347428,1.1244275910769306,95.6748667660187
대구,2016,1-2. 주거안정성,0.0,0,0,83.786765,2024,0.0,,2484557,0.0,0.0,-2.1430285928748103,0.0
대구,2017,1-2. 주거안정성,0.0,0,0,85.339636,2024,0.0,,2475231,0.0,0.0,-2.1430285928748103,0.0
대구,2018,1-2. 주거안정성,330.0,2,0,86.797969,2024,380.1932277931527,inf,2461769,154.43903461013306,5.046253594358526,-0.6096882830755344,40.768209044177155
대구,2019,1-2. 주거안정성,312.0,2,0,87.068452,2024,358.3387470814343,-5.748256179778277,2438031,146.97874927818157,4.997068677496432,-0.6246334724617927,40.37084871835127
대구,2020,1-2. 주거안정성,622.0,3,0,87.535014,2024,710.5728000454767,98.29639017072174,2418346,293.8259455203998,5.68638516702728,-0.41517971833643375,45.93977192391686
대구,2021,1-2. 주거안정성,715.0,4,0,89.802171,2024,796.1945597061344,12.049681560450654,2385412,333.77653826933647,5.813463259305989,-0.37656612951458496,46.966423901285864
대구,2022,1-2. 주거안정성,19616.0,11,0,94.590336,2024,20737.847891776175,2504.620646922061,2363691,8773.502074415046,9.07960530306768,0.6158745315787895,73.35327884589533
대구,2023,1-2. 주거안정성,11416.0,10,0,97.706583,2024,11683.96197009571,-43.65875364179368,2374960,4919.645791969428,8.501195059403079,0.44012043487559044,68.68035678875299
대구,2024,1-2. 주거안정성,18934.0,11,0,100.0,2024,18934.0,62.05119503521372,2363629,8010.563417524493,8.988641204228188,0.5882344384112383,72.6183884311232
대구,2016,1-3. 경제적 여건,18796.0,3,0,83.786765,2024,22433.137262191707,,2484557,9029.029022957295,9.108310860465368,-1.0975728841205417,55.49289824144138
대구,2017,1-3. 경제적 여건,17413.0,3,0,85.339636,2024,20404.352322290197,-9.043696903334064,2475231,8243.413371232906,9.017291082824228,-1.1632871456004412,54.35176307369221
대구,2018,1-3. 경제적 여건,12280.0,3,0,86.797969,2024,14147.796476666408,-30.66284950779339,2461769,5747.004075795255,8.656607956279258,-1.4236923663494174,49.829798608596114
대구,2019,1-3. 경제적 여건,138426.0,5,0,87.068452,2024,158985.2544983802,1023.745699626019,2438031,65210.51393455629,11.08539132641213,0.32983537893044823,80.27999515192643
대구,2020,1-3. 경제적 여건,139547.0,6,0,87.535014,2024,159418.4928102028,0.2725021972569186,2418346,65920.46498317561,11.096219387988954,0.3376529993226368,80.41574896482392
대구,2021,1-3. 경제적 여건,161191.0,11,0,89.802171,2024,179495.6605225056,12.594001711084978,2385412,75247.23633590575,11.228547744939862,0.4331911392218816,82.0747789660013
대구,2022,1-3. 경제적 여건,222782.8,15,0,94.590336,2024,235523.8488633765,31.214230014126688,2363691,99642.402015905,11.509353111867371,0.6359263884771263,85.5952982179496
대구,2023,1-3. 경제적 여건,284074.0,15,0,97.706583,2024,290741.9247278354,23.444791740173198,2374960,122419.71432269823,11.71521886940436,0.7845569012199811,88.17628294290677
대구,2024,1-3. 경제적 여건,369340.0,16,0,100.0,2024,369340.0,27.03362280680386,2363629,156259.71757835092,11.959281157747736,0.9607644623591989,91.2361460580203
대구,2016,2-1. 돌봄 여건,74275.0,20,0,83.786765,2024,88647.65216797664,,2484557,35679.4600276736,10.482358479763116,-3.5428185908517356,3.9595725594042257
대구,2017,2-1. 돌봄 여건,168436.9,32,0,85.339636,2024,197372.41438433132,122.648214089567,2475231,79738.98774875207,11.286526467295406,-2.192717867145814,21.01646509504714
대구,2018,2-1. 돌봄 여건,588230.0,49,0,86.797969,2024,677700.189044746,243.3611485975449,2461769,275289.91917793505,12.52558370539937,-0.11249072578618446,47.29762336485603
대구,2019,2-1. 돌봄 여건,662514.0,59,0,87.068452,2024,760911.656038171,12.278507271883154,2438031,312100.894548991,12.651084998567235,0.09821075619137301,49.95958218917759
대구,2020,2-1. 돌봄 여건,641706.0,62,0,87.535014,2024,733084.9344469174,-3.6570239620376754,2418346,303134.8427590251,12.621936309960837,0.049273635847477064,49.34132076019441
대구,2021,2-1. 돌봄 여건,699980.0,72,0,89.802171,2024,779468.9061581818,6.3272302473736275,2385412,326764.8968640142,12.69699928176137,0.17529528073090608,50.93345208506421
대구,2022,2-1. 돌봄 여건,809018.1,67,0,94.590336,2024,855286.2102107345,9.726790055839206,2363691,361843.4940145453,12.798969823968875,0.3464914797408922,53.096309357674585
대구,2023,2-1. 돌봄 여건,793366.0,66,0,97.706583,2024,811988.2771870141,-5.062391104499653,2374960,341895.5591618445,12.74226351170382,0.2512884445359247,51.89353395577659
대구,2024,2-1. 돌봄 여건,784679.0,59,0,100.0,2024,784679.0,-3.3632600314898786,2363629,331980.6111703656,12.712834858323584,0.20188129722051074,51.26933430351772
대구,2016,2-2. 여가 인프라,11595.0,12,0,83.786765,2024,13838.701136151993,,2484557,5569.8867589481715,8.625309522933621,0.46615685660512135,75.99780269728853
대구,2017,2-2. 여가 인프라,7393.9,13,0,85.339636,2024,8664.086638475936,-37.39234229257239,2475231,3500.3143700430123,8.160893711280153,0.1539762911381222,71.90582418571195
대구,2018,2-2. 여가 인프라,7276.0,18,0,86.797969,2024,8382.684622493874,-3.247913227603194,2461769,3405.146714616146,8.133336935637297,0.13545261130903646,71.66302079498017
대구,2019,2-2. 여가 인프라,3156.0,14,0,87.068452,2024,3624.7342493237393,-56.759267316377105,2438031,1486.7465792369906,7.305017891236141,-0.4213439084898733,64.36468244092711
대구,2020,2-2. 여가 인프라,3694.0,11,0,87.535014,2024,4220.025600270082,16.423034352308854,2418346,1745.0048918848179,7.465085538162414,-0.3137463476908412,65.77504219868159
대구,2021,2-2. 여가 인프라,9852.0,16,0,89.802171,2024,10970.781541573198,159.9695494944644,2385412,4599.113923118186,8.433836348065775,0.3374484825530177,74.3107281028361
대구,2022,2-2. 여가 인프라,6763.0,16,0,94.590336,2024,7149.779021823118,-34.82889988530529,2363691,3024.8365889717047,8.014942890567488,0.055868068728050724,70.61984811186365
대구,2023,2-2. 여가 인프라,4203.0,13,0,97.706583,2024,4301.654884400164,-39.83513516613151,2374960,1811.2536145451559,7.502326440685913,-0.2887129924161893,66.10317265646106
대구,2024,2-2. 여가 인프라,7468.0,14,0,100.0,2024,7468.0,73.60760453104926,2363629,3159.548304746642,8.058500805689446,0.0851477233653973,71.00363791448372
대구,2016,2-3. 가사수행 격차,1505.0,2,0,83.786765,2024,1796.2264087890253,,2484557,722.9564098505389,6.58473118318442,3.17331863387315,100.0
대구,2017,2-3. 가사수행 격차,1060.0,1,0,85.339636,2024,1242.095759583507,-30.849710620784187,2475231,501.8100369555436,6.220212438640049,2.9460755591249224,94.46418184123823
대구,2018,2-3. 가사수행 격차,2.0,1,0,86.797969,2024,2.3042013805645616,-99.81449084236974,2461769,0.9359941491523216,0.6606209667177533,-0.5198056317115094,10.032618619341612
대구,2019,2-3. 가사수행 격차,2.0,1,0,87.068452,2024,2.2970432505220146,-0.3106555747654838,2438031,0.9421714697319331,0.66380666140486,-0.517819651383359,10.080998645776738
대구,2020,2-3. 가사수행 격차,2.0,1,0,87.535014,2024,2.284800000146227,-0.5330004288341184,2418346,0.9447779598726681,0.6651478111052241,-0.5169835709727634,10.1013662152804
대구,2021,2-3. 가사수행 격차,2.0,1,0,89.802171,2024,2.227117649527649,-2.5246126844750805,2385412,0.9336406664876545,0.6594045816752486,-0.5205639331192519,10.014145806881006
대구,2022,2-3. 가사수행 격차,2.0,1,0,94.590336,2024,2.1143809025057276,-5.0620023170231505,2363691,0.894525089153247,0.6389681945417698,-0.5333040939983903,9.703785572500173
대구,2023,2-3. 가사수행 격차,0.0,0,0,97.706583,2024,0.0,-100.0,2374960,0.0,0.0,-0.931640529002546,0.0
대구,2024,2-3. 가사수행 격차,40.0,1,0,100.0,2024,40.0,inf,2363629,16.923129645134665,2.8860920376738743,0.8675657901873182,43.83006621506667
대구,2016,3-1. 의료서비스 여건,11987.0,13,1,83.786765,2024,14306.555456580762,,2484557,5758.191684304591,8.65855241125639,-0.15642478814978633,39.808235096207675
대구,2017,3-1. 의료서비스 여건,9429.4,13,0,85.339636,2024,11049.262033412,-22.767838373495163,2475231,4463.931662706228,8.404009188088487,-0.40040823135125947,35.83518960682297
대구,2018,3-1. 의료서비스 여건,2822.0,14,0,86.797969,2024,3251.2281479765966,-70.5751557149684,2461769,1320.6877444539257,7.186664793158106,-1.5672508341150868,16.8342333169138
대구,2019,3-1. 의료서비스 여건,4186.0,13,0,87.068452,2024,4807.711523342577,47.87370509001831,2438031,1971.964886148936,7.58729270867668,-1.183243053218972,23.087446083150905
대구,2020,3-1. 의료서비스 여건,6103.0,15,0,87.535014,2024,6972.067200446212,45.018418151654416,2418346,2882.989944551446,7.966930011766115,-0.8193550847131902,29.013026249340353
대구,2021,3-1. 의료서비스 여건,3964.0,18,0,89.802171,2024,4414.1471813638,-36.688114809316595,2385412,1850.4758009785312,7.52373833031337,-1.2441608646249398,22.09545567325326
대구,2022,3-1. 의료서비스 여건,4219.0,17,0,94.590336,2024,4460.286513835832,1.045260399717285,2363691,1887.0006755687743,7.543273704527826,-1.225435919581212,22.400374144231336
대구,2023,3-1. 의료서비스 여건,4875.0,17,0,97.706583,2024,4989.42839910797,11.863405716891439,2374960,2100.847340211191,7.650571922829565,-1.122588990777402,24.075141584264653
대구,2024,3-1. 의료서비스 여건,9188.0,22,0,100.0,2024,9188.0,84.149350688,2363629,3887.242879487432,8.265712632633193,-0.5329675246726506,33.67658369694705
대구,2016,3-2. 산후조리 여건,2642.0,1,0,83.786765,2024,3153.242639216349,,2484557,1269.1367673256636,7.146879864462007,-0.8055163046297286,73.04243768886361
대구,2017,3-2. 산후조리 여건,2585.0,1,0,85.339636,2024,3029.073149550345,-3.937834917038374,2475231,1223.7537221981888,7.110495059663434,-0.8405768083388947,72.67057823582644
대구,2018,3-2. 산후조리 여건,3681.0,2,0,86.797969,2024,4240.882640929076,40.00595005632728,2461769,1722.697231514848,7.452226816029711,-0.5112830941648475,76.16314016411746
대구,2019,3-2. 산후조리 여건,5756.0,2,0,87.068452,2024,6610.8904750023585,55.88477764510999,2438031,2711.5694898885035,7.905651615912644,-0.07436163846015402,80.79722571195501
대구,2020,3-2. 산후조리 여건,7760.0,2,0,87.535014,2024,8865.024000567362,34.097275307895636,2418346,3665.738484305952,8.207057849549479,0.21607428474712315,83.87765331910225
대구,2021,3-2. 산후조리 여건,6907.0,2,0,89.802171,2024,7691.350802643735,-13.239368532431639,2385412,3224.3280417151145,8.078789942418187,0.09247495643850859,82.56673151940812
대구,2022,3-2. 산후조리 여건,6944.0,3,0,94.590336,2024,7341.130493499886,-4.553430445838824,2363691,3105.7911095400736,8.041345674928186,0.05639355139901596,82.18404416117457
대구,2023,3-2. 산후조리 여건,8150.0,3,0,97.706583,2024,8341.300810816401,13.624200226410688,2374960,3512.1858097889653,8.16427854292202,0.17485202048073867,83.44044087143727
대구,2024,3-2. 산후조리 여건,9385.0,3,0,100.0,2024,9385.0,12.512427172392627,2363629,3970.5892929897204,8.286921619262392,0.29303124548248577,84.6938758572563
대구,2016,3-3. 아동안전 수준,188.0,6,0,83.786765,2024,224.37911285869552,,2484557,90.30950501787461,4.514254889716333,-0.6790062354465747,46.26117338857513
대구,2017,3-3. 아동안전 수준,36531.8,7,0,85.339636,2024,42807.54138674789,18978.220268080957,2475231,17294.362177408046,9.758193662314657,1.6028349153245511,100.0
대구,2018,3-3. 아동안전 수준,1115.0,17,0,86.797969,2024,1284.592269664743,-96.9991449449082,2461769,521.8167381524194,6.259230997596428,0.08030054953716995,64.1433365046757
대구,2019,3-3. 아동안전 수준,2039.0,13,0,87.068452,2024,2341.835593907194,82.30185944668446,2438031,960.543813391706,6.86854013174074,0.34543458639822805,70.38741358727569
대구,2020,3-3. 아동안전 수준,945.0,12,0,87.535014,2024,1079.5680000690922,-53.90077754058276,2418346,446.4075860398356,6.103470004745619,0.012522900219606333,62.54712927369662
대구,2021,3-3. 아동안전 수준,4139.0,12,0,89.802171,2024,4609.019975697469,326.93188158619853,2385412,1932.1693592962008,7.56691609011234,0.6493250530163065,77.54422951591083
대구,2022,3-3. 아동안전 수준,569.0,7,0,94.590336,2024,601.5413667628795,-86.9486057787838,2363691,254.49238786409876,5.543192616104432,-0.2312755224333302,56.805519627180466
대구,2023,3-3. 아동안전 수준,1158.0,7,0,97.706583,2024,1185.1811458804164,97.02404711721194,2374960,499.03204512093527,6.214672186610371,0.06091128262415478,63.68670679913768
대구,2024,3-3. 아동안전 수준,1296.0,3,0,100.0,2024,1296.0,9.350372683937813,2363629,548.3094005023631,6.3086618538055665,0.10180983229334031,64.64989394675678
대구,2016,4-1. 일·가정 양립 여건,191.0,1,0,83.786765,2024,227.95963061707894,,2484557,91.75061414050028,4.529914322926542,-0.764071936788494,41.06413378313675
대구,2017,4-1. 일·가정 양립 여건,201.0,1,0,85.339636,2024,235.52947893989142,3.3206968717755636,2475231,95.15454474345684,4.565956738140369,-0.7448697476984263,41.390861940602605
대구,2018,4-1. 일·가정 양립 여건,453.0,3,0,86.797969,2024,521.9016126978732,121.58653559925115,2461769,212.00267478300086,5.361304723297249,-0.3211350364483353,48.60077226966381
대구,2019,4-1. 일·가정 양립 여건,502.0,3,0,87.068452,2024,576.5578558810257,10.47251854628637,2438031,236.48503890271522,5.470104627396654,-0.26317009932901236,49.58705445935521
대구,2020,4-1. 일·가정 양립 여건,632.0,3,0,87.535014,2024,721.9968000462078,25.22538591429648,2418346,298.5498353197631,5.702280798771022,-0.1394744280348127,51.69175505254744
대구,2021,4-1. 일·가정 양립 여건,490.0,3,0,89.802171,2024,545.6438241342739,-24.425728188912643,2385412,228.7419632894753,5.436956780382299,-0.28083015963634994,49.286565856837655
대구,2022,4-1. 일·가정 양립 여건,435.0,3,0,94.590336,2024,459.8778462949958,-15.7183081793981,2363691,194.55920689083123,5.2758631821225075,-0.3666554218068281,47.82623601415902
대구,2023,4-1. 일·가정 양립 여건,367.0,2,0,97.706583,2024,375.6144046097692,-18.32300519890111,2374960,158.15609720153992,5.069885464031262,-0.4763934365226521,45.95902706293549
대구,2024,4-1. 일·가정 양립 여건,411.0,2,0,100.0,2024,411.0,9.420723741144421,2363629,173.88515710375867,5.164129513379053,-0.42618337025895403,46.81335894976509
대구,2016,4-2. 사회적 가치관,421.0,8,0,83.786765,2024,502.46599209314263,,2484557,202.23564687513414,5.314366127853825,0.02966630741363366,56.33673844811232
대구,2017,4-2. 사회적 가치관,370.0,5,0,85.339636,2024,433.5617274017902,-13.713219556275869,2475231,175.16010723919916,5.171393281734398,-0.07716232896318385,54.821106358934976
대구,2018,4-2. 사회적 가치관,400.0,6,0,86.797969,2024,460.8402761129123,6.291733561122781,2461769,187.19882983046432,5.237499009440474,-0.027768440968268082,55.52188251964774
대구,2019,4-2. 사회적 가치관,498.0,9,0,87.068452,2024,571.9637693799816,24.11323380941697,2438031,234.60069596325135,5.462138405776682,0.1400810566004014,57.9032485399911
대구,2020,4-2. 사회적 가치관,535.0,9,0,87.535014,2024,611.1840000391157,6.857118013200303,2418346,252.7281042659387,5.536263238025783,0.19546678169268394,58.689033934986874
대구,2021,4-2. 사회적 가치관,434.0,7,0,89.802171,2024,483.2845299474998,-20.926508233761098,2385412,202.600024627821,5.316157405638153,0.031004741726621925,56.35572749508344
대구,2022,4-2. 사회적 가치관,406.5,6,0,94.590336,2024,429.74791843428915,-11.077658852234817,2363691,181.81222437039747,5.2084595297075555,-0.049466603277833775,55.21403967724212
대구,2023,4-2. 사회적 가치관,180.0,5,0,97.706583,2024,184.22504858244812,-57.13183457557174,2374960,77.56974794625935,4.363986739167558,-0.6804526899320564,46.26191978511639
대구,2024,4-2. 사회적 가치관,146.0,3,0,100.0,2024,146.0,-20.749104900000003,2363629,61.76942320474152,4.1394680632596845,-0.848211985765978,43.881833502569194
대전,2016,1-1. 고용여건,15400.0,10,0,83.786765,2024,18379.991159701654,,1514370,12137.054458092574,9.404100792964462,0.390832681523963,84.18241560294338
대전,2017,1-1. 고용여건,8926.3,12,0,85.339636,2024,10459.73526299081,-43.091728542699734,1502227,6962.819376160067,8.84848336375678,0.0733473891377216,79.20871121891628
대전,2018,1-1. 고용여건,25090.7,17,0,86.797969,2024,28907.012789665623,176.36466949546949,1489936,19401.513078189684,9.873157876774695,0.6588565367361537,88.38126026019746
대전,2019,1-1. 고용여건,128.0,3,0,87.068452,2024,147.01076803340894,-99.49143562808412,1474870,99.67710241133723,4.611918389671564,-2.34746772357177,41.28437573708768
대전,2020,1-1. 고용여건,23828.0,18,0,87.535014,2024,27221.10720174215,18416.403638919848,1463882,18595.15124971968,9.830709916231887,0.6346013524030225,88.00128008616686
대전,2021,1-1. 고용여건,24349.0,20,0,89.802171,2024,27114.04382417436,-0.3933101500035119,1452251,18670.356449521718,9.834745887861338,0.6369075464953604,88.03740877603866
대전,2022,1-1. 고용여건,13696.0,18,0,94.590336,2024,14479.280420359222,-46.598594756825705,1446072,10012.83505963688,9.211722921777298,0.28090606390580053,82.46031220766682
대전,2023,1-1. 고용여건,7896.0,12,0,97.706583,2024,8081.338797816725,-44.18687556839077,1442216,5603.417794433514,8.631310457574742,-0.05074735662267762,77.26465082990038
대전,2024,1-1. 고용여건,7750.0,12,0,100.0,2024,7750.0,-4.1000483472644405,1439157,5385.0969699622765,8.591576277287134,-0.0734518600870993,76.90896352366518
대전,2016,1-2. 주거안정성,46295.0,1,0,83.786765,2024,55253.35654145377,,1514370,36486.03481411661,10.504712265896217,1.0489034927716108,84.86658420887952
대전,2017,1-2. 주거안정성,1746.0,3,0,85.339636,2024,2045.9426379554748,-96.2971613563051,1502227,1361.9397321147037,7.217399213635072,0.050029869060660793,58.30869067414712
대전,2018,1-2. 주거안정성,1893.0,4,0,86.797969,2024,2180.9266067043577,6.597641900839091,1489936,1463.772005444769,7.289454881657171,0.07192450005013742,58.890821651477886
대전,2019,1-2. 주거안정성,2914.0,2,0,87.068452,2024,3346.7920160105755,53.457342659869724,1474870,2269.211534583099,7.727628293174819,0.20506663054341923,62.43078350720434
대전,2020,1-2. 주거안정성,3040.0,2,0,87.535014,2024,3472.8960002222652,3.7679062101387384,1463882,2372.3879385239147,7.772073723278257,0.21857169292081458,62.78985396445226
대전,2021,1-2. 주거안정성,3473.0,2,0,89.802171,2024,3867.389798404762,11.359217153558564,1452251,2663.0312517634775,7.887595762733917,0.2536738922961323,63.72314567595151
대전,2022,1-2. 주거안정성,3517.0,2,0,94.590336,2024,3718.138817056322,-3.8592174341982255,1446072,2571.198956245831,7.85251643704924,0.24301478785218886,63.439743097008495
대전,2023,1-2. 주거안정성,3979.0,2,0,97.706583,2024,4072.3970461642284,9.527837623566061,1442216,2823.708131212127,7.946160321857948,0.27146915318648696,64.19628325104638
대전,2024,1-2. 주거안정성,11165.0,4,0,100.0,2024,11165.0,174.1628547863785,1439157,7758.0138928553315,8.956610529439496,0.5785016883848665,72.35961561656008
대전,2016,1-3. 경제적 여건,66725.0,11,0,83.786765,2024,79636.682476045,,1514370,52587.33498157319,10.870249605720394,0.17450782644495316,77.58271561670992
대전,2017,1-3. 경제적 여건,61002.4,13,0,85.339636,2024,71481.90789095937,-10.2399727506713,1502227,47583.95894292898,10.770272001690667,0.10232621291425001,76.3292741899968
대전,2018,1-3. 경제적 여건,8065.0,14,0,86.797969,2024,9291.692067126594,-87.00133734356892,1489936,6236.30281242053,8.738303126320872,-1.364710264822804,50.854029099877785
대전,2019,1-3. 경제적 여건,14992.0,14,0,87.068452,2024,17218.636205913022,85.31217007106213,1474870,11674.680619927873,9.365263378047977,-0.9120588632566846,58.7143690234428
대전,2020,1-3. 경제적 여건,110524.0,18,0,87.535014,2024,126262.6176080808,633.2904656219009,1463882,86251.90938072932,11.365039066275182,0.5317348471106178,83.78600097625903
대전,2021,1-3. 경제적 여건,133851.0,19,0,89.802171,2024,149050.96225346267,18.04837019624992,1452251,102634.43595732603,11.53893853179,0.6572864057302286,85.96621719843147
대전,2022,1-3. 경제적 여건,237825.0,23,0,94.590336,2024,251426.31906921233,68.68480100226347,1446072,173868.46510354418,12.066060096101069,1.0378564884808428,92.57485732372254
대전,2023,1-3. 경제적 여건,138619.0,16,0,97.706583,2024,141872.73338583542,-43.57283918761867,1442216,98371.34894206931,11.496515036864281,0.6266575829546844,85.43434442030369
대전,2024,1-3. 경제적 여건,310670.0,10,0,100.0,2024,310670.0,118.97794776048016,1439157,215869.42911718457,12.28243364147697,1.1940733910778245,95.28758051859232
대전,2016,2-1. 돌봄 여건,303707.0,61,0,83.786765,2024,362476.1022817864,,1514370,239357.68820155336,12.385718493311861,-0.3473074891841997,44.33099707652004
대전,2017,2-1. 돌봄 여건,466962.1,69,0,85.339636,2024,547180.7965058581,50.95637838228673,1502227,364246.4131624968,12.805588622213419,0.3576036409293072,53.236698097493395
대전,2018,2-1. 돌봄 여건,495773.4,79,0,86.797969,2024,571180.8763635934,4.3861334335914215,1489936,383359.3364839788,12.856730652192015,0.44346491961284845,54.321451684957616
대전,2019,2-1. 돌봄 여건,184087.0,54,0,87.068452,2024,211427.90042942305,-62.98407226525637,1474870,143353.58399684247,11.87307644845523,-1.20797143812712,33.457547245217604
대전,2020,2-1. 돌봄 여건,520577.0,93,0,87.535014,2024,594707.1648380612,181.28130848869728,1463882,406253.48548452754,12.914735053757814,0.5408472896477792,55.55176035110855
대전,2021,2-1. 돌봄 여건,543642.0,93,0,89.802171,2024,605377.346612255,1.7941908900827253,1452251,416854.4876968616,12.940494888432115,0.584094934388078,56.0981421252995
대전,2022,2-1. 돌봄 여건,519777.4,98,0,94.590336,2024,549503.7040570403,-9.229556221072443,1446072,379997.47181125166,12.847922510145144,0.428677115153638,54.13462563037519
대전,2023,2-1. 돌봄 여건,298865.0,65,0,97.706583,2024,305880.106358852,-44.33520573191612,1442216,212090.35703310184,12.264772390232165,-0.5503613583121992,41.7656566068432
대전,2024,2-1. 돌봄 여건,538267.0,48,0,100.0,2024,538267.0,75.97319629819819,1439157,374015.48267492704,12.83205514674889,0.40203773241679824,53.79806919382216
대전,2016,2-2. 여가 인프라,12012.0,23,0,83.786765,2024,14336.39310456729,,1514370,9466.90247731221,9.155662670339193,0.8226605356353563,80.67075660685514
대전,2017,2-2. 여가 인프라,7884.8,22,0,85.339636,2024,9239.317589777393,-35.55340229311982,1502227,6150.413745577328,8.724437211712466,0.5327905438308852,76.87121906728922
대전,2018,2-2. 여가 인프라,9320.2,24,0,86.797969,2024,10737.808853568915,16.218635729650522,1489936,7206.892681007046,8.882931910304837,0.6393307678898529,78.26771954071134
대전,2019,2-2. 여가 인프라,3833.0,14,0,87.068452,2024,4402.2833896254415,-59.00203244759512,1474870,2984.861980801997,8.001643754928383,0.046928382395544734,70.50266911861618
대전,2020,2-2. 여가 인프라,7521.0,21,0,87.535014,2024,8591.990400549887,95.17122456945954,1463882,5869.318975538935,8.677664251301305,0.5013497339718594,76.45910142589395
대전,2021,2-2. 여가 인프라,6817.0,26,0,89.802171,2024,7591.130508414991,-11.648754775969493,1452251,5227.147723372193,8.561812330536993,0.42347400875510627,75.43832745912347
대전,2022,2-2. 여가 인프라,7740.4,30,0,94.590336,2024,8183.076968877666,7.797869629648524,1446072,5658.830935719429,8.641149300736876,0.4768043640056258,76.1373673477002
대전,2023,2-2. 여가 인프라,9217.0,29,0,97.706583,2024,9433.34595991347,15.278714788958926,1442216,6540.8690237200735,8.785978187066371,0.5741584215027764,77.41345803161963
대전,2024,2-2. 여가 인프라,9050.0,13,0,100.0,2024,9050.0,-4.06373265162201,1439157,6288.403558472078,8.746621521426103,0.5477028490907799,77.06668553583852
대전,2016,2-3. 가사수행 격차,0.0,0,0,83.786765,2024,0.0,,1514370,0.0,0.0,-0.931640529002546,0.0
대전,2017,2-3. 가사수행 격차,0.0,0,0,85.339636,2024,0.0,,1502227,0.0,0.0,-0.931640529002546,0.0
대전,2018,2-3. 가사수행 격차,0.0,0,0,86.797969,2024,0.0,,1489936,0.0,0.0,-0.931640529002546,0.0
대전,2019,2-3. 가사수행 격차,0.0,0,0,87.068452,2024,0.0,,1474870,0.0,0.0,-0.931640529002546,0.0
대전,2020,2-3. 가사수행 격차,9.0,2,0,87.535014,2024,10.281600000658022,inf,1463882,7.02351692326159,2.0823768448669417,0.366525132144889,31.62432583709348
대전,2021,2-3. 가사수행 격차,8.0,1,0,89.802171,2024,8.908470598110595,-13.355211275088962,1452251,6.1342499320782675,1.9649071202560604,0.29329383249315094,29.840354383393645
대전,2022,2-3. 가사수행 격차,8.0,1,0,94.590336,2024,8.45752361002291,-5.0620023170231505,1446072,5.848618609600981,1.9240469691054773,0.267821380057977,29.219825617467276
대전,2023,2-3. 가사수행 격차,0.0,0,0,97.706583,2024,0.0,-100.0,1442216,0.0,0.0,-0.931640529002546,0.0
대전,2024,2-3. 가사수행 격차,0.0,0,0,100.0,2024,0.0,,1439157,0.0,0.0,-0.931640529002546,0.0
대전,2016,3-1. 의료서비스 여건,29283.0,13,0,83.786765,2024,34949.43383958075,,1514370,23078.530240021097,10.046701366862955,1.17413651161821,61.47519946488317
대전,2017,3-1. 의료서비스 여건,26331.3,11,0,85.339636,2024,30854.713277661507,-11.716128452077845,1502227,20539.314815711277,9.930144810322798,1.0624153287147606,59.6559229763686
대전,2018,3-1. 의료서비스 여건,22791.6,11,0,86.797969,2024,26258.218092637628,-14.897222163952806,1489936,17623.722154936604,9.777057863297296,0.915679226375685,57.26646079861441
대전,2019,3-1. 의료서비스 여건,23316.0,14,0,87.068452,2024,26778.930214585645,1.98304439437198,1474870,18156.807186115144,9.806855895201194,0.9442410805631946,57.731564268174196
대전,2020,3-1. 의료서비스 여건,5394.0,14,0,87.535014,2024,6162.105600394375,-76.98897771114818,1463882,4209.427809341446,8.345319538934497,-0.4566631278779357,34.919130467856924
대전,2021,3-1. 의료서비스 여건,5718.0,15,0,89.802171,2024,6367.329359999548,3.3304161420414147,1452251,4384.4551389529415,8.38604869393607,-0.41762363056861035,35.55485269825671
대전,2022,3-1. 의료서비스 여건,6128.799999999999,23,0,94.590336,2024,6479.308837638551,1.758656907909839,1446072,4480.626716815312,8.407741365933834,-0.396830883700769,35.89344341601692
대전,2023,3-1. 의료서비스 여건,632.0,1,0,97.706583,2024,646.8346150228178,-90.01691953213697,1442216,448.5005124217301,6.108136993892627,-2.601035677327056,0.0
대전,2024,3-1. 의료서비스 여건,5194.0,13,0,100.0,2024,5194.0,702.9873292753164,1439157,3609.0572467076213,8.191478909014938,-0.6041216464152727,32.51790440817575
대전,2016,3-2. 산후조리 여건,1881.0,2,0,83.786765,2024,2244.984634506416,,1514370,1482.454508809879,7.302128774488124,-0.6559180034722026,74.62911034209145
대전,2017,3-2. 산후조리 여건,2402.0,1,0,85.339636,2024,2814.6358627543245,25.37439319147734,1502227,1873.642174421259,7.53617307988352,-0.43039223020362133,77.02108654953867
대전,2018,3-2. 산후조리 여건,2137.0,1,0,86.797969,2024,2462.039175133234,-12.52725769208558,1489936,1652.4462628819185,7.410617032880691,-0.5513784022064899,75.7378804633042
대전,2019,3-2. 산후조리 여건,5609.0,2,0,87.068452,2024,6442.0577960889905,161.65537336506338,1474870,4367.881776759301,8.382262369020042,0.3849018691952697,85.66827600185799
대전,2020,3-2. 산후조리 여건,6167.0,2,0,87.535014,2024,7045.180800450891,9.362272482684952,1463882,4812.669873972692,8.479215039749908,0.47832574464426986,86.65915027774568
대전,2021,3-2. 산후조리 여건,7429.0,2,0,89.802171,2024,8272.628509170452,17.422515383011962,1452251,5696.417843176181,8.647768341213535,0.6407441960795103,88.38179627892286
대전,2022,3-2. 산후조리 여건,6696.0,3,0,94.590336,2024,7078.947261589176,-14.42928624509181,1446072,4895.293776236022,8.496233825708217,0.4947250962835064,86.83308542657633
대전,2023,3-2. 산후조리 여건,1100.0,1,0,97.706583,2024,1125.819741337183,-84.09622646228834,1442216,780.6179804808593,6.661366105173359,-1.2733587749309185,68.08039702461963
대전,2024,3-2. 산후조리 여건,5076.0,2,0,100.0,2024,5076.0,350.8714684618182,1439157,3527.0648025198084,8.168504785019161,0.17892443965525287,83.48363384947704
대전,2016,3-3. 아동안전 수준,1993.0,15,0,83.786765,2024,2378.6572974860646,,1514370,1570.7239957778247,7.359928382369075,0.5592566731754904,75.42306124536671
대전,2017,3-3. 아동안전 수준,2836.9,13,0,85.339636,2024,3324.2466607192937,39.7530726360874,1502227,2212.8790527126016,7.702501483371971,0.7083235164232342,78.93368127257403
대전,2018,3-3. 아동안전 수준,2843.2,13,0,86.797969,2024,3275.6526826105805,-1.461804224184693,1489936,2198.519052234848,7.695994002826661,0.7054918592395688,78.86699392478711
대전,2019,3-3. 아동안전 수준,239.0,6,0,87.068452,2024,274.4966684373808,-91.62009238969083,1474870,186.11583965866876,5.231727888481666,-0.36680590585754297,53.613691934462935
대전,2020,3-3. 아동안전 수준,3609.0,13,0,87.535014,2024,4122.921600263867,1401.993311516057,1463882,2816.4302862278973,7.943580502476634,0.8132263480991252,81.4042104242519
대전,2021,3-3. 아동안전 수준,5017.0,11,0,89.802171,2024,5586.724623840107,35.50402276585993,1452251,3846.9414886545833,8.255293606018894,0.9488648095193899,84.59858342328417
대전,2022,3-3. 아동안전 수준,4557.4,10,0,94.590336,2024,4818.039762539801,-13.759132820331143,1446072,3331.8118064244386,8.111571612994563,0.886325795969607,83.1257494337378
대전,2023,3-3. 아동안전 수준,1459.0,7,0,97.706583,2024,1493.2463660099545,-69.00718052142436,1442216,1035.3833032014306,6.94349233817747,0.3780491985066144,71.15550867772454
대전,2024,3-3. 아동안전 수준,2676.0,3,0,100.0,2024,2676.0,79.20686505003427,1439157,1859.4218698863292,7.5285585527561905,0.6326342007815589,77.15114921146592
대전,2016,4-1. 일·가정 양립 여건,8485.0,10,0,83.786765,2024,10126.897726627827,,1514370,6687.201758241266,8.808100321510663,1.5152019692447898,79.84632471903575
대전,2017,4-1. 일·가정 양립 여건,1723.0,8,3,85.339636,2024,2018.9915035494175,-80.06307994756727,1502227,1343.9989452655407,7.204148507846443,0.6606702783296379,65.30633849354342
대전,2018,4-1. 일·가정 양립 여건,2485.0,12,2,86.797969,2024,2862.9702153514677,41.80199422921409,1489936,1921.5390562758855,7.561402016531513,0.8510029568186525,68.54487786301674
대전,2019,4-1. 일·가정 양립 여건,2812.0,11,0,87.068452,2024,3229.642810233953,12.807419124249297,1474870,2189.781343599065,7.692013537079562,0.9205883910917353,69.7288845728697
대전,2020,4-1. 일·가정 양립 여건,4886.0,10,0,87.535014,2024,5581.766400357233,72.8292176048067,1463882,3812.989298561792,8.24643098032575,1.2159633962595655,74.75473504998374
대전,2021,4-1. 일·가정 양립 여건,4628.0,8,0,89.802171,2024,5153.550241006979,-7.671696173506071,1452251,3548.663585707277,8.174608113389514,1.177698583435055,74.10365346072918
대전,2022,4-1. 일·가정 양립 여건,317.0,7,0,94.590336,2024,335.12937304715786,-93.49711640762669,1446072,231.75151240543892,5.449971414118616,-0.27389639960778017,49.404544834537475
대전,2023,4-1. 일·가정 양립 여건,394.0,5,0,97.706583,2024,403.24816189713647,20.326117114298192,1442216,279.60316755405324,5.636941456108043,-0.1742850367410219,51.099447269851595
대전,2024,4-1. 일·가정 양립 여건,463.0,4,0,100.0,2024,463.0,14.817634337563446,1439157,321.7161157538754,5.776773038170019,-0.09978746315757032,52.36703477450688
대전,2016,4-2. 사회적 가치관,15855.0,12,0,83.786765,2024,18923.036353056475,,1514370,12495.649248899857,9.433215827267853,3.1072513787908775,100.0
대전,2017,4-2. 사회적 가치관,103.0,11,0,85.339636,2024,120.69421060103889,-99.36218369848693,1502227,80.34352371581585,4.398681220364656,-0.6545291371967967,46.62971038624745
대전,2018,4-2. 사회적 가치관,110.5,12,0,86.797969,2024,127.30712627619202,5.479066180740411,1489936,85.44469445411885,4.459504838980753,-0.60908201620409,47.274491760169575
대전,2019,4-2. 사회적 가치관,484.0,19,0,87.068452,2024,555.8844666263276,336.64835024265625,1474870,376.90404349286894,5.934640310199943,0.4931322513204281,62.912165043920076
대전,2020,4-2. 사회적 가치관,663.0,23,0,87.535014,2024,757.4112000484744,36.25334858612186,1463882,517.3990800136038,6.250745370371374,0.7293244615651483,66.26314381891737
대전,2021,4-2. 사회적 가치관,522.0,18,0,89.802171,2024,581.2777065267163,-23.25467243031071,1452251,400.2598080681069,5.994609117928925,0.5379406616494731,63.547884705455175
대전,2022,4-2. 사회적 가치관,219.1,16,0,94.590336,2024,231.63042786950245,-60.15150327137888,1446072,160.17904217044688,5.082515810270735,-0.1435711565048248,53.87893061429918
대전,2023,4-2. 사회적 가치관,1698.0,12,0,97.706583,2024,1737.8562916277606,650.2711572103325,1442216,1204.9903007786356,7.09505633478268,1.3601896324991665,75.21354821834521
대전,2024,4-2. 사회적 가치관,1041.0,8,0,100.0,2024,1041.0,-40.098614309187276,1439157,723.3401220297716,6.585261063881866,0.9792730102183704,69.80929074946394
부산,2016,1-1. 고용여건,5250.3,16,0,83.786765,2024,6266.264128946857,,3498529,1791.1139593088574,7.491151184877221,-0.7022456376889322,67.05832022362068
부산,2017,1-1. 고용여건,5240.0,11,0,85.339636,2024,6140.171490771299,-2.0122458227235573,3470653,1769.1689404764174,7.478830267609984,-0.7092859316311753,66.94802742680422
부산,2018,1-1. 고용여건,4228.0,11,0,86.797969,2024,4871.081718513483,-20.668637254924604,3441453,1415.4142795248063,7.255883801749205,-0.8366797464746462,64.95228403150367
부산,2019,1-1. 고용여건,1961.0,11,0,87.068452,2024,2252.2509071368354,-53.762818254994116,3413841,659.741009360669,6.493361946673202,-1.272392273446535,58.126439315083886
부산,2020,1-1. 고용여건,6962.0,8,0,87.535014,2024,7953.388800509017,253.13067364327222,3391946,2344.786385310679,7.760375970212893,-0.5484079335481405,69.46833190561972
부산,2021,1-1. 고용여건,80698.29999999999,57,0,89.802171,2024,89862.30410843852,1029.8618282396471,3350380,26821.525948829243,10.196997333938125,0.8439016043294216,91.28016451183616
부산,2022,1-1. 고용여건,91009.8,60,0,94.590336,2024,96214.69153043289,7.069023529965168,3317812,28999.44045365828,10.275066296910456,0.8885109816322647,91.9790121774784
부산,2023,1-1. 고용여건,69163.0,64,0,97.706583,2024,70786.42797282145,-26.42867025101716,3293362,21493.667556989316,9.97556016274841,0.7173702153832509,89.29793182575321
부산,2024,1-1. 고용여건,38143.0,59,0,100.0,2024,38143.0,-46.11537678572358,3266598,11676.67401988246,9.36543409441744,0.3687381476802032,83.83628404196371
부산,2016,1-2. 주거안정성,13016.0,4,0,83.786765,2024,15534.673047706281,,3498529,4440.344226875433,8.398712363406359,0.4089803334339285,67.85240870891887
부산,2017,1-2. 주거안정성,152810.0,4,0,85.339636,2024,179060.99341693934,1052.653762760575,3470653,51592.88278515292,10.851158393766637,1.1541736309254818,87.66548995142028
부산,2018,1-2. 주거안정성,592.0,4,0,86.797969,2024,682.0436086471102,-99.61909984099162,3441453,198.1847808606162,5.294232940929642,-0.5343379819094844,42.77161090470827
부산,2019,1-2. 주거안정성,27707.0,4,0,87.068452,2024,31822.08867110673,4565.697070929009,3413841,9321.491150615018,9.140185162802327,0.634282155998808,73.84269784542603
부산,2020,1-2. 주거안정성,25852.0,7,0,87.535014,2024,29533.324801890132,-7.192374745956598,3391946,8706.897103282345,9.071985605941302,0.6135592320137024,73.29172002815207
부산,2021,1-2. 주거안정성,20960.0,9,0,89.802171,2024,23340.19296704976,-20.96997841043624,3350380,6966.43155912158,8.849001936433309,0.5458040464110993,71.49025589600808
부산,2022,1-2. 주거안정성,35130.0,10,0,94.590336,2024,37139.100552513104,59.120794780676356,3317812,11193.853223905728,9.323209418085426,0.6898953872899007,75.32133362145558
부산,2023,1-2. 주거안정성,57347.0,9,0,97.706583,2024,58693.07700587585,58.03580628692486,3293362,17821.629388410944,9.788224242800524,0.8311934734952857,79.07814473451982
부산,2024,1-2. 주거안정성,30030.0,10,0,100.0,2024,30030.0,-48.835533027185384,3266598,9193.050384528491,9.126311856504355,0.6300666524813758,73.73061670627717
부산,2016,1-3. 경제적 여건,106571.8,48,0,83.786765,2024,127194.0741476294,,3498529,36356.444136272534,10.501154252538893,-0.09197083543020053,72.95528519791887
부산,2017,1-3. 경제적 여건,16879.0,43,1,85.339636,2024,19778.617288688692,-84.45004814789375,3470653,5698.81727982852,8.648189397138397,-1.4297703794033239,49.72425326288798
부산,2018,1-3. 경제적 여건,83242.0,49,0,86.797969,2024,95903.16566047762,384.8830646787642,3441453,27867.056635809822,10.235236388436226,-0.2839576377130559,69.62141387539504
부산,2019,1-3. 경제적 여건,188642.0,46,0,87.068452,2024,216659.41643248693,125.91477032105294,3413841,63464.99922887063,11.058259596264167,0.3102468712945044,79.93983862511323
부산,2020,1-3. 경제적 여건,185351.0,45,0,87.535014,2024,211744.98241355168,-2.2682762188952155,3391946,62425.81173566787,11.04175013732463,0.2983274079672947,79.73285587164295
부산,2021,1-3. 경제적 여건,190380.5,48,0,89.802171,2024,211999.88583794926,0.12038227375783528,3350380,63276.37039319398,11.055283046476866,0.3080978683404234,79.90252095933913
부산,2022,1-3. 경제적 여건,267496.3,54,0,94.590336,2024,282794.53410547145,33.39371999550838,3317812,85235.24964810285,11.353182087686008,0.5231743714473772,83.63734740225559
부산,2023,1-3. 경제적 여건,358864.0,42,0,97.706583,2024,367287.4324138426,29.877839957422413,3293362,111523.55326072342,11.622000054256306,0.717254983414407,87.00757795352793
부산,2024,1-3. 경제적 여건,523397.0,58,0,100.0,2024,523397.0,42.50337850118986,3266598,160226.93946423772,11.984352702056775,0.9788655614953102,91.55047357740432
부산,2016,2-1. 돌봄 여건,645784.92,137,0,83.786765,2024,770748.1247187429,,3498529,220306.3415277515,12.302778857372484,-0.4865530998547719,42.5717969105143
부산,2017,2-1. 돌봄 여건,2216392.0,136,0,85.339636,2024,2597142.5516743474,236.96384958731906,3470653,748315.2454809936,13.525580955683113,1.566383629129369,68.50817377033746
부산,2018,2-1. 돌봄 여건,998179.0,150,0,86.797969,2024,1150002.7149252768,-55.720462314096565,3441453,334161.9702274815,12.719384087770173,0.21287666081697754,51.408247446783385
부산,2019,2-1. 돌봄 여건,897080.0,148,0,87.068452,2024,1030315.7795891444,-10.40753502428986,3413841,301805.4383871845,12.617541158379204,0.04189470828114951,49.24809691969333
부산,2020,2-1. 돌봄 여건,1569188.0,143,0,87.535014,2024,1792640.3713147289,73.98941245271173,3391946,528499.0891113033,13.177798252904152,0.9824985628322942,61.13149093910505
부산,2021,2-1. 돌봄 여건,987713.5,184,0,89.802171,2024,1099877.0842633636,-38.64485583035766,3350380,328284.27947378013,12.701638263842247,0.1830835701949894,51.031847718880854
부산,2022,2-1. 돌봄 여건,1473428.7999999998,212,0,94.590336,2024,1557694.8579609655,41.624448790495784,3317812,469494.61210007244,13.059414231687041,0.7837461190662827,58.620493785346234
부산,2023,2-1. 돌봄 여건,1305799.0,188,0,97.706583,2024,1336449.3567439565,-14.203391639015939,3293362,405800.9282744978,12.913620458147918,0.5389760185167574,55.52811909973636
부산,2024,2-1. 돌봄 여건,1048558.0,170,0,100.0,2024,1048558.0,-21.54150887133931,3266598,320993.89027973445,12.67918048385379,0.14537967562902118,50.55550453463187
부산,2016,2-2. 여가 인프라,5057.5,41,0,83.786765,2024,6036.156187674747,,3498529,1725.34118987573,7.453759528745077,-0.3213596974857169,65.6752484664384
부산,2017,2-2. 여가 인프라,5415.0,36,0,85.339636,2024,6345.234469947822,5.120448720398962,3470653,1828.2537810457634,7.5116633927543575,-0.2824366880714089,66.1854407581686
부산,2018,2-2. 여가 인프라,9024.0,42,1,86.797969,2024,10396.556629107301,63.84826562906814,3441453,3020.978821767231,8.013667134789344,0.055010504988347815,70.60860739804818
부산,2019,2-2. 여가 인프라,3390.0,41,0,87.068452,2024,3893.488309634815,-62.55021303174368,3413841,1140.5007759983007,7.040099145775401,-0.5994224357180797,62.030477216777555
부산,2020,2-2. 여가 인프라,1222.0,33,0,87.535014,2024,1396.0128000893449,-64.14493407788652,3391946,411.5669294526932,6.022398445831756,-1.283521409121745,53.06349269366403
부산,2021,2-2. 여가 인프라,38432.3,48,0,89.802171,2024,42796.626820970734,2965.6328379103506,3350380,12773.663530993717,9.455219076642368,1.0240225176403221,83.31015506582133
부산,2022,2-2. 여가 인프라,71754.70000000001,66,0,94.590336,2024,75858.38367251388,77.2531839713652,3317812,22863.978933258993,10.037361714738527,1.415339120958111,88.43942738168178
부산,2023,2-2. 여가 인프라,60990.0,71,0,97.706583,2024,62421.58729468617,-17.713001157308238,3293362,18953.758285510725,9.849810275851755,1.2892669400016417,86.78690729411726
부산,2024,2-2. 여가 인프라,28925.0,66,0,100.0,2024,28925.0,-53.66186402238071,3266598,8854.777967781773,9.088825402685492,0.7777324873501039,80.08185188796173
부산,2016,2-3. 가사수행 격차,6.5,3,0,83.786765,2024,7.757788476497451,,3498529,2.217442952880325,1.1685869300684364,-0.20313673852869613,17.746919313163215
부산,2017,2-3. 가사수행 격차,4.0,2,0,85.339636,2024,4.687153809749083,-39.581314649799815,3470653,1.3505106415850514,0.8546325988425937,-0.3988576681820121,12.979005141851328
부산,2018,2-3. 가사수행 격차,4.0,2,0,86.797969,2024,4.608402761129123,-1.6801464559614288,3441453,1.3390863571663256,0.8497604074704421,-0.40189502021051593,12.905012882537939
부산,2019,2-3. 가사수행 격차,2.0,2,0,87.068452,2024,2.2970432505220146,-50.155327787382745,3413841,0.67286181474826,0.5145358213119688,-0.610875948708641,7.814074819423926
부산,2020,2-3. 가사수행 격차,3.0,2,0,87.535014,2024,3.427200000219341,49.200499356748836,3391946,1.0103934438282156,0.6983304461139014,-0.496297326107509,10.605299239811703
부산,2021,2-3. 가사수행 격차,69.8,3,0,89.802171,2024,77.72640596851494,2167.927344874546,3350380,23.19928066921213,3.1863229083081395,1.0547314358458035,48.38956700988988
부산,2022,2-3. 가사수행 격차,129.1,5,0,94.590336,2024,136.48328725674472,75.59449141650876,3317812,41.13653433550325,3.7409151633116005,1.4004674265040258,56.81196482044494
부산,2023,2-3. 가사수행 격차,21.0,2,0,97.706583,2024,21.49292233461895,-84.2523412451316,3293362,6.5261341858620305,2.0183815216511554,0.32663008083486855,30.652451337809246
부산,2024,2-3. 가사수행 격차,21.0,2,0,100.0,2024,21.0,-2.2934170000000087,3266598,6.428706562607337,2.005351760480876,0.3185072530355182,30.454572930812866
부산,2016,3-1. 의료서비스 여건,21010.8,35,0,83.786765,2024,25076.514172614254,,3498529,7167.730829904298,8.87748390675439,0.0534242875084413,43.22543387230247
부산,2017,3-1. 의료서비스 여건,17175.0,33,1,85.339636,2024,20125.466670610127,-19.743762900710916,3470653,5798.755067305814,8.66557096586795,-0.14969739977497737,39.91778441515799
부산,2018,3-1. 의료서비스 여건,8701.0,37,0,86.797969,2024,10024.428106146126,-50.19033212886872,3441453,2912.8475984260504,7.977229685602311,-0.8094826950454058,29.17378901555252
부산,2019,3-1. 의료서비스 여건,9355.0,36,0,87.068452,2024,10744.419804316723,7.182371807616228,3413841,3147.311138484986,8.054621441529042,-0.7353015526389683,30.381760545784292
부산,2020,3-1. 의료서비스 여건,9990.0,32,0,87.535014,2024,11412.576000730405,6.2186344966271845,3391946,3364.6101679479584,8.121364553411501,-0.6713272930047913,31.423522397904748
부산,2021,3-1. 의료서비스 여건,16095.100000000002,36,0,89.802171,2024,17922.840640456234,57.04465529350404,3350380,5349.49487534436,8.584944335676552,-0.22697921699646134,38.659321253501055
부산,2022,3-1. 의료서비스 여건,16204.0,34,0,94.590336,2024,17130.714072101404,-4.419648560434142,3317812,5163.2564087722285,8.549516403865582,-0.2609374134912304,38.106343323356135
부산,2023,3-1. 의료서비스 여건,27005.0,39,0,97.706583,2024,27638.87464982784,61.34105404771031,3293362,8392.297794724007,9.035188784774006,0.20458674498826013,45.686975163686604
부산,2024,3-1. 의료서비스 여건,33044.0,39,0,100.0,2024,33044.0,19.55624249775967,3266598,10115.722840704611,9.22194506042731,0.3835953966675098,48.601966061359064
부산,2016,3-2. 산후조리 여건,5247.0,3,0,83.786765,2024,6262.325559412635,,3498529,1789.9881805789332,7.49052280269719,-0.4743809700491783,76.55453225030631
부산,2017,3-2. 산후조리 여건,4430.0,3,0,85.339636,2024,5191.022844297109,-17.107106696254338,3470653,1495.6905355554443,7.3110116399736125,-0.6473584484594406,74.71989487478643
부산,2018,3-2. 산후조리 여건,4431.0,3,0,86.797969,2024,5104.958158640786,-1.6579523580959488,3441453,1483.3729121509973,7.30274768067111,-0.6553216236745282,74.63543567806511
부산,2019,3-2. 산후조리 여건,6391.0,4,0,87.068452,2024,7340.2017070430975,43.785736904011245,3413841,2150.129929028065,7.673748531454669,-0.29782412500686883,78.4271331796032
부산,2020,3-2. 산후조리 여건,10240.0,5,0,87.535014,2024,11698.176000748683,59.371315225901846,3391946,3448.809621600309,8.146074326357978,0.1573103844626419,83.25439040196382
부산,2021,3-2. 산후조리 여건,10319.0,5,0,89.802171,2024,11490.813512737905,-1.7726053018650711,3350380,3429.70454477937,8.140520925708145,0.1519591114474416,83.19763361737817
부산,2022,3-2. 산후조리 여건,11033.0,6,0,94.590336,2024,11663.982248672846,1.5070189394595923,3317812,3515.564549369538,8.16523981172052,0.17577830189029678,83.45026521683671
부산,2023,3-2. 산후조리 여건,10853.0,7,0,97.706583,2024,11107.746957029498,-4.768828345110332,3293362,3372.7683009124103,8.123785588819143,0.13583289215564429,83.02659537060487
부산,2024,3-2. 산후조리 여건,11403.0,7,0,100.0,2024,11403.0,2.6580821845572533,3266598,3490.787663495784,8.158169108551645,0.16896495175550444,83.37800131910463
부산,2016,3-3. 아동안전 수준,1096.4,11,0,83.786765,2024,1308.5598900972009,,3498529,374.03145439045977,5.927009900827376,-0.06426173515676814,60.73880172840803
부산,2017,3-3. 아동안전 수준,16964.0,16,0,85.339636,2024,19878.21930714586,1419.091289407418,3470653,5727.515630962202,8.653211723960874,1.12201441624287,88.67636801859004
부산,2018,3-3. 아동안전 수준,22463.0,23,0,86.797969,2024,25879.637805810875,30.190926088171356,3441453,7519.974210256794,8.925450957789383,1.240476265921655,91.46622076438945
부산,2019,3-3. 아동안전 수준,10285.0,18,0,87.068452,2024,11812.54491580946,-54.35583370816289,3413841,3460.191882342927,8.14936828339958,0.9027725932401951,83.51308208681871
부산,2020,3-3. 아동안전 수준,7904.0,20,0,87.535014,2024,9029.52960057789,-23.559828428731635,3391946,2662.0499266727384,7.887227333919349,0.7887048987522557,80.826714521758
부산,2021,3-3. 아동안전 수준,5984.7,20,0,89.802171,2024,6664.315498564059,-26.194211732385885,3350380,1989.122278238307,7.5959513621816965,0.6619594260524481,77.84177712640238
부산,2022,3-3. 아동안전 수준,7260.9,22,0,94.590336,2024,7676.1541475019185,15.182934378720159,3317812,2313.619381538773,7.747000538980739,0.7276867814539257,79.38969861706087
부산,2023,3-3. 아동안전 수준,7222.0,25,0,97.706583,2024,7391.518338124669,-3.7080522864418985,3293362,2244.3686233474086,7.716624984179566,0.714469199417117,79.07841605952686
부산,2024,3-3. 아동안전 수준,14110.0,15,0,100.0,2024,14110.0,90.89447329410135,3266598,4319.478552304263,8.371121451099306,0.99926599739952,85.7855638121622
부산,2016,4-1. 일·가정 양립 여건,1300.7,31,0,83.786765,2024,1552.393149443113,,3498529,443.7273921248368,6.097461492482329,0.07106458163947708,55.274108209414656
부산,2017,4-1. 일·가정 양립 여건,1429.0,29,3,85.339636,2024,1674.48569853286,7.864795662976531,3470653,482.4699267062596,6.180989113799148,0.11556529473691224,56.031294586865855
부산,2018,4-1. 일·가정 양립 여건,798.0,33,0,86.797969,2024,919.37635084526,-45.095001309907076,3441453,267.14772825468197,5.591538053473159,-0.19847444573470824,50.68786080991079
부산,2019,4-1. 일·가정 양립 여건,1519.0,39,0,87.068452,2024,1744.60434877147,89.75954158136747,3413841,511.0385483013034,6.2383999118563676,0.14615184099265552,56.55172930680891
부산,2020,4-1. 일·가정 양립 여건,1535.0,34,0,87.535014,2024,1753.5840001122294,0.5147099023960822,3391946,516.984645425437,6.249945599784313,0.1523029959985574,56.65639214144399
부산,2021,4-1. 일·가정 양립 여건,1706.9,34,0,89.802171,2024,1900.733557989372,8.391360657243974,3350380,567.3187990584269,6.342682527218265,0.2017101182919462,57.49706181493234
부산,2022,4-1. 일·가정 양립 여건,1742.2,35,0,94.590336,2024,1841.8372041727393,-3.0986117738108554,3317812,555.1360969737705,6.3210130430269595,0.19016534443433689,57.30062573813067
부산,2023,4-1. 일·가정 양립 여건,1313.0,33,0,97.706583,2024,1343.8193821597465,-27.039187876361602,3293362,408.0387707636593,6.013809945593307,0.02649784515663877,54.51579843405496
부산,2024,4-1. 일·가정 양립 여건,1200.0,34,0,100.0,2024,1200.0,-10.702285148514845,3266598,367.35466072041925,5.909046226015842,-0.029316748320814462,53.56610466731529
부산,2016,4-2. 사회적 가치관,2422.41,62,1,83.786765,2024,2891.1606743618754,,3498529,826.3932282287428,6.7182800695953935,1.0786641839850746,71.21940378142722
부산,2017,4-2. 사회적 가치관,1000.0,43,1,85.339636,2024,1171.7884524372707,-59.46996433548604,3470653,337.6276603962628,5.824901156841766,0.4111356734485161,61.74883797319874
부산,2018,4-2. 사회적 가치관,34572.0,57,0,86.797969,2024,39830.42506443901,3299.1139767245018,3441453,11573.723384988552,9.356578981043702,3.049988688702809,99.1875851498847
부산,2019,4-2. 사회적 가치관,623.0,57,0,87.068452,2024,715.5289725376076,-98.20356179634035,3413841,209.59645529408303,5.34994376809613,0.05624975242259488,56.71389127588356
부산,2020,4-2. 사회적 가치관,393.0,55,0,87.535014,2024,448.96320002873364,-37.25436463648766,3391946,132.36154114149625,4.893063794625737,-0.28512880916069155,51.87058034315025
부산,2021,4-2. 사회적 가치관,1048.8,46,0,89.802171,2024,1167.900495412299,160.13278935501916,3350380,348.58747229039665,5.856753808729692,0.43493582472570524,62.08650280003173
부산,2022,4-2. 사회적 가치관,1129.5,47,0,94.590336,2024,1194.0966146901096,2.243009518423289,3317812,359.90484532882203,5.88861433724114,0.4587418613788443,62.42425112568068
부산,2023,4-2. 사회적 가치관,1646.0,44,0,97.706583,2024,1684.6357220372756,41.0803532404679,3293362,511.5246128537572,6.239348734939898,0.720808949315981,66.14232992426936
부산,2024,4-2. 사회적 가치관,659.0,38,0,100.0,2024,659.0,-60.88175079161604,3266598,201.73893451229688,5.311919114501443,0.02783791057656912,56.31079805411318
서울,2016,1-1. 고용여건,55557.0,5,0,83.786765,2024,66307.60836750291,,9930616,6677.089152123383,8.806587170537785,0.04940749010868861,78.83367028439321
서울,2017,1-1. 고용여건,100100.0,6,0,85.339636,2024,117296.02408897081,76.89677998770519,9857426,11899.254844923087,9.384315094410066,0.3795269377506512,84.0053005405499
서울,2018,1-1. 고용여건,190543.0,10,0,86.797969,2024,219524.72182845662,87.1544440943231,9765623,22479.336119001993,10.020396255808748,0.7429900022481395,89.69928977619557
서울,2019,1-1. 고용여건,131198.0,6,0,87.068452,2024,150683.74019099365,-31.359102092955816,9729107,15487.9312346954,9.647880933915939,0.5301310642948337,86.36465520172294
서울,2020,1-1. 고용여건,61112.0,7,0,87.535014,2024,69814.34880446811,-53.66829313104553,9668465,7220.83069075268,8.8848637580224,0.09413550611061432,79.53437653634447
서울,2021,1-1. 고용여건,156146.0,10,0,89.802171,2024,173877.75625157214,149.05733452955155,9509458,18284.717830561127,9.813875587705233,0.6249820506434784,87.85058471702669
서울,2022,1-1. 고용여건,158889.0,9,0,94.590336,2024,167975.93360911627,-3.3942367153144692,9428372,17816.00615770318,9.787908682292215,0.6101443041581422,87.61813752494253
서울,2023,1-1. 고용여건,248946.0,11,0,97.706583,2024,254789.3830244785,51.68207584866238,9386034,27145.584921648326,10.209006531875765,0.8507637787647935,91.38766689979448
서울,2024,1-1. 고용여건,229595.0,10,0,100.0,2024,229595.0,-9.888317450832707,9331828,24603.432467893752,10.110681887311392,0.7945801047342494,90.50749703826745
서울,2016,1-2. 주거안정성,0.0,2,0,83.786765,2024,0.0,,9930616,0.0,0.0,-2.1430285928748103,0.0
서울,2017,1-2. 주거안정성,25232.0,3,1,85.339636,2024,29566.566231897217,inf,9857426,2999.4205619090844,8.006507745127953,0.28980615012137445,64.68382441820046
서울,2018,1-2. 주거안정성,229500.0,4,0,86.797969,2024,264407.1084197834,794.2773616184547,9765623,27075.29344720592,10.206413843478098,0.9582633798857706,82.45665925855882
서울,2019,1-2. 주거안정성,38965.0,4,0,87.068452,2024,44752.14512829515,-83.07453025913175,9729107,4599.820428359473,8.433989920565194,0.41969967193157415,68.13741278133153
서울,2020,1-2. 주거안정성,63139.0,4,0,87.535014,2024,72129.99360461632,61.176617115971844,9668465,7460.335596665687,8.917489711578648,0.5666145475869061,72.04356220174294
서울,2021,1-2. 주거안정성,699296.0,7,0,89.802171,2024,778707.2319220434,979.5886607041181,9509458,81887.65668054303,11.313115758179793,1.294542685912178,91.39760012974094
서울,2022,1-2. 주거안정성,926599.0,7,0,94.590336,2024,979591.6149404524,25.797164169462803,9428372,103898.2779784731,11.551177227866571,1.3668793691277978,93.32087639401841
서울,2023,1-2. 주거안정성,709912.0,7,0,97.706583,2024,726575.4038292384,-25.828744065617016,9386034,77410.26761987421,11.256887625466753,1.2774573649267178,90.94333832427566
서울,2024,1-2. 주거안정성,727205.0,8,0,100.0,2024,727205.0,0.08665255766207025,9331828,77927.39000333054,11.263545607100657,1.279480440348964,90.99712753284155
서울,2016,1-3. 경제적 여건,12758.0,4,0,83.786765,2024,15226.748520485306,,9930616,1533.3135950967499,7.335838390693205,-2.3772587102468052,33.271017222364826
서울,2017,1-3. 경제적 여건,13716.0,6,0,85.339636,2024,16072.250413629607,5.552740902017295,9857426,1630.4713232064441,7.397237538929125,-2.3329298864858177,34.04079198052885
서울,2018,1-3. 경제적 여건,201269.0,8,0,86.797969,2024,231882.15383242437,1342.7485129013635,9765623,23744.73741536248,10.075158316106924,-0.3995304568834176,67.61447952931621
서울,2019,1-3. 경제적 여건,536438.0,8,0,87.068452,2024,616110.6436117642,165.6998968782274,9729107,63326.535889857536,11.056075519703406,0.30867001644025677,79.91245637218827
서울,2020,1-3. 경제적 여건,579220.0,8,0,87.535014,2024,661700.9280423488,7.399691094983396,9668465,68439.08811195457,11.133714015438887,0.364723289057366,80.88582743670796
서울,2021,1-3. 경제적 여건,472212.0,9,0,89.802171,2024,525835.8397593751,-20.532703299197784,9509458,55296.089404819395,10.920475553301028,0.21076984705109522,78.21240947669446
서울,2022,1-3. 경제적 여건,659031.0,9,0,94.590336,2024,696721.2802796261,32.49786865011883,9428372,73896.24425930862,11.210430816109858,0.42011111827257197,81.8476430054957
서울,2023,1-3. 경제적 여건,951581.0,15,0,97.706583,2024,973916.9775285254,39.78573715125335,9386034,103762.3534635103,11.549868137892798,0.6651773390188515,86.1032440976041
서울,2024,1-3. 경제적 여건,1337778.0,14,0,100.0,2024,1337778.0,37.36057907059305,9331828,143356.47849488867,11.873096639430253,0.8985411509096403,90.15563161032131
서울,2016,2-1. 돌봄 여건,2040695.0,34,0,83.786765,2024,2435581.562314764,,9930616,245259.86729471406,12.41007768753546,-0.30641135024301336,44.84767041414168
서울,2017,2-1. 돌봄 여건,2446260.0,36,1,85.339636,2024,2866499.219659198,17.69259810518897,9857426,290795.91565376177,12.580380418167652,-0.020493677020062624,48.45989499899956
서울,2018,2-1. 돌봄 여건,2879751.0,42,0,86.797969,2024,3317763.1149410885,15.742683346536612,9765623,339739.0125485172,12.73593593510895,0.24066520925115037,51.75932220442231
서울,2019,2-1. 돌봄 여건,2475589.0,38,0,87.068452,2024,2843267.501758272,-14.301672444484993,9729107,292243.4198491467,12.585345785393761,-0.012157426399085503,48.56521346042656
서울,2020,2-1. 돌봄 여건,2461507.0,42,0,87.535014,2024,2812025.5969799696,-1.0988028653294957,9668465,290845.0924712423,12.580549514389599,-0.02020978492889935,48.46348163280078
서울,2021,2-1. 돌봄 여건,2296946.0,33,0,89.802171,2024,2557784.4883059673,-9.041208904607757,9509458,268972.68890676706,12.50236884304468,-0.15146567001640607,46.80522200276153
서울,2022,2-1. 돌봄 여건,2125053.0,33,0,94.590336,2024,2246585.740006252,-12.166730610905518,9428372,238279.28512008773,12.381202928317734,-0.3548885762966333,44.23521919424087
서울,2023,2-1. 돌봄 여건,2017023.0,46,0,97.706583,2024,2064367.5564828627,-8.110893801136765,9386034,219940.34503634472,12.301116176315649,-0.4893445401171655,42.53653043317725
서울,2024,2-1. 돌봄 여건,2055963.0,53,0,100.0,2024,2055963.0,-0.40712500331975265,9331828,220317.28403052434,12.302828525399672,-0.4864697132483773,42.572850399605315
서울,2016,2-2. 여가 인프라,5099.0,7,1,83.786765,2024,6085.686683332386,,9930616,612.8206632229446,6.419702806042176,-1.0164531984348517,56.56415064660602
서울,2017,2-2. 여가 인프라,15900.0,9,0,85.339636,2024,18631.436393752607,206.151751860325,9857426,1890.091428913857,7.5449094169946065,-0.2600886921883687,66.47837225053554
서울,2018,2-2. 여가 인프라,10782.0,7,0,86.797969,2024,12421.949642623551,-33.32800874768404,9765623,1272.0079039118702,7.149137807424125,-0.526126587047314,62.99121939911002
서울,2019,2-2. 여가 인프라,8606.0,8,0,87.068452,2024,9884.177106996229,-20.42974419184119,9729107,1015.938781123101,6.924552198684228,-0.6770931574630643,61.01239038013007
서울,2020,2-2. 여가 인프라,52501.0,10,0,87.535014,2024,59977.14240383854,506.7995519969533,9668465,6203.377930606207,8.733010439688988,0.5385534724186504,76.94675797827045
서울,2021,2-2. 여가 인프라,7341.0,7,0,89.802171,2024,8174.635332591235,-86.37041545335768,9509458,859.6320981270684,6.757667117091108,-0.7892734016159499,59.541962047058355
서울,2022,2-2. 여가 인프라,7454.3,13,0,94.590336,2024,7880.614780774223,-3.596742115758844,9428372,835.8404590712184,6.729633441892347,-0.8081176535902935,59.294956683254256
서울,2023,2-2. 여가 인프라,36974.0,12,0,97.706583,2024,37841.8719238191,380.18933771689024,9386034,4031.721163999523,8.30219665387657,0.2489602073076585,73.15084769744051
서울,2024,2-2. 여가 인프라,41904.0,13,0,100.0,2024,41904.0,10.734479743387237,9331828,4490.43852929994,8.409928314568692,0.32137748921248,74.10007386396381
서울,2016,2-3. 가사수행 격차,0.0,0,0,83.786765,2024,0.0,,9930616,0.0,0.0,-0.931640529002546,0.0
서울,2017,2-3. 가사수행 격차,77.0,1,0,85.339636,2024,90.22771083766985,inf,9857426,9.153272957633144,2.317796112389218,0.5132868529271946,35.19955557651659
서울,2018,2-3. 가사수행 격차,77.0,1,0,86.797969,2024,88.71175315173562,-1.6801464559614177,9765623,9.084085383158413,2.31095847648126,0.5090242315092606,35.095714801278575
서울,2019,2-3. 가사수행 격차,0.0,0,0,87.068452,2024,0.0,-100.0,9729107,0.0,0.0,-0.931640529002546,0.0
서울,2020,2-3. 가사수행 격차,44.0,1,0,87.535014,2024,50.265600003216996,inf,9668465,5.198922476651361,1.824375482858613,0.20568560422078655,27.70614975927283
서울,2021,2-3. 가사수행 격차,0.0,0,0,89.802171,2024,0.0,-100.0,9509458,0.0,0.0,-0.931640529002546,0.0
서울,2022,2-3. 가사수행 격차,0.0,0,0,94.590336,2024,0.0,,9428372,0.0,0.0,-0.931640529002546,0.0
서울,2023,2-3. 가사수행 격차,0.0,0,0,97.706583,2024,0.0,,9386034,0.0,0.0,-0.931640529002546,0.0
서울,2024,2-3. 가사수행 격차,54.0,1,0,100.0,2024,54.0,inf,9331828,5.786647589304046,1.9149570920039813,0.26215469857028184,29.081780846183236
서울,2016,3-1. 의료서비스 여건,158155.0,8,0,83.786765,2024,188758.9286923776,,9930616,19007.77642518627,9.852656068612776,0.988141224000961,58.44643764064617
서울,2017,3-1. 의료서비스 여건,153550.0,9,0,85.339636,2024,179928.11687174294,-4.678354492584735,9857426,18253.052761617786,9.81214240348668,0.9493082769236152,57.81407889039375
서울,2018,3-1. 의료서비스 여건,135032.0,10,0,86.797969,2024,155570.46041019695,-13.537437552858245,9765623,15930.418408553858,9.67604843902525,0.8188601996383823,55.68985218772759
서울,2019,3-1. 의료서비스 여건,117100.0,10,0,87.068452,2024,134491.88231806396,-13.549216243594387,9729107,13823.661546539057,9.534209344827866,0.682905330551066,53.475952456256024
서울,2020,3-1. 의료서비스 여건,118420.0,12,0,87.535014,2024,135283.0080086581,0.5882330419937132,9668465,13992.190901933047,9.54632612613635,0.6945194445996377,53.665077598636174
서울,2021,3-1. 의료서비스 여건,111214.0,17,0,89.802171,2024,123843.33113728397,-8.456107710616545,9509458,13023.174521332758,9.474562488132023,0.625732936441805,52.54495271482868
서울,2022,3-1. 의료서비스 여건,114211.0,23,0,94.590336,2024,120742.77862804083,-2.503608777937405,9428372,12806.323151869785,9.457772407548575,0.6096393959365933,52.28288424135583
서울,2023,3-1. 의료서비스 여건,112527.0,23,0,97.706583,2024,115168.28912131744,-4.616830563338381,9386034,12270.175999928984,9.415008376627256,0.5686494399695654,51.61540058948197
서울,2024,3-1. 의료서비스 여건,160619.0,26,0,100.0,2024,160619.0,39.464605426937524,9331828,17211.954613822716,9.753417554529676,0.8930196408652695,56.89747033425269
서울,2016,3-2. 산후조리 여건,8589.0,1,0,83.786765,2024,10251.022342251787,,9930616,1032.2644982196257,6.940478484960106,-1.0044052741230394,70.93297731075805
서울,2017,3-2. 산후조리 여건,9800.0,1,0,85.339636,2024,11483.526833885255,12.023234858765619,9857426,1164.9620127896728,7.061301787297115,-0.8879795886427491,72.1678138687639
서울,2018,3-2. 산후조리 여건,22191.0,2,0,86.797969,2024,25566.266418054092,122.63427244854692,9765623,2617.9862173723163,7.870542581940339,-0.10819280569124869,80.43840487336921
서울,2019,3-2. 산후조리 여건,32536.0,1,0,87.068452,2024,37368.29959949214,46.162521302304114,9729107,3840.876618942739,8.253716229055097,0.2610344349190598,84.35451061100233
서울,2020,3-2. 산후조리 여건,36160.0,1,0,87.535014,2024,41309.184002643786,10.546062960823633,9668465,4272.569017175299,8.360204592510833,0.36364693160804307,85.4428414350563
서울,2021,3-2. 산후조리 여건,35798.0,1,0,89.802171,2024,39863.17880889538,-3.5004448251891307,9509458,4191.950667314098,8.341159981614808,0.3452954891678218,85.24820197964881
서울,2022,3-2. 산후조리 여건,40836.0,1,0,94.590336,2024,43171.42926736195,8.299013167831815,9428372,4578.884802950281,8.429429124597647,0.43035189202850516,86.15032899149816
서울,2023,3-2. 산후조리 여건,52914.0,1,0,97.706583,2024,54156.023448287,25.44412906252682,9386034,5769.851616591949,8.660574942474666,0.6530846742957163,88.51268211894849
서울,2024,3-2. 산후조리 여건,64100.0,2,0,100.0,2024,64100.0,18.361718454473298,9331828,6868.965008784989,8.834914291867905,0.8210785783414806,90.29446260305788
서울,2016,3-3. 아동안전 수준,35832.0,3,0,83.786765,2024,42765.704106131794,,9930616,4306.4502852725145,8.368101426901358,0.9979518677366774,85.75461521345164
서울,2017,3-3. 아동안전 수준,18098.0,5,0,85.339636,2024,21207.02741220973,-50.41113468030323,9857426,2151.375766068112,7.674327518523872,0.696063931565626,78.64496016472286
서울,2018,3-3. 아동안전 수준,33287.0,6,0,86.797969,2024,38349.97567742628,80.8361678042,9765623,3927.0383136258974,8.275895423404867,0.9578294593237758,84.80970669157445
서울,2019,3-3. 아동안전 수준,22849.0,6,0,87.068452,2024,26242.570615588756,-31.57082852848909,9729107,2697.325727385746,7.900386758682054,0.7944310748664627,80.96156965189878
서울,2020,3-3. 아동안전 수준,39385.0,7,1,87.535014,2024,44993.424002879576,71.45204508338956,9668465,4653.626403248042,8.445616929400822,1.0316818693816696,86.54897844482328
서울,2021,3-3. 아동안전 수준,54919.0,13,0,89.802171,2024,61155.53709720447,35.921056137649174,9509458,6431.022367121708,8.769044288328146,1.1724176576677547,89.86339676976772
서울,2022,3-3. 아동안전 수준,77755.0,9,0,94.590336,2024,82201.84353716642,34.41439228390657,9428372,8718.561755642058,9.073324258259582,1.3048216743532743,92.9815965151421
서울,2023,3-3. 아동안전 수준,28204.0,7,0,97.706583,2024,28866.018167885373,-64.88397713996036,9386034,3075.42228889064,8.031522606277782,0.8514933683754538,82.30542336226493
서울,2024,3-3. 아동안전 수준,20528.0,5,0,100.0,2024,20528.0,-28.885238412140126,9331828,2199.783365059879,7.6965686509939575,0.705741910945398,78.87288280327408
서울,2016,4-1. 일·가정 양립 여건,1245.0,2,0,83.786765,2024,1485.9148697291273,,9930616,149.62967752746934,5.0148243578870275,-0.505728145792753,45.45989253901947
서울,2017,4-1. 일·가정 양립 여건,2065.0,4,0,85.339636,2024,2419.743154282964,62.845342191377874,9857426,245.4741384092525,5.507257072803316,-0.24337652340950877,49.923845153348786
서울,2018,4-1. 일·가정 양립 여건,3993.0,11,0,86.797969,2024,4600.338056297147,90.11679186505862,9765623,471.07471344092914,6.157137264247236,0.10285782986458156,55.81507514624249
서울,2019,4-1. 일·가정 양립 여건,5112.0,5,0,87.068452,2024,5871.2425483342695,27.626328249887024,9729107,603.4718857891346,6.404355160766747,0.23456722745221398,58.056130506800464
서울,2020,4-1. 일·가정 양립 여건,11942.0,6,0,87.535014,2024,13642.540800873123,132.36207137692938,9668465,1411.0348230947852,7.2527870799975105,0.686583277055578,65.74725209398915
서울,2021,4-1. 일·가정 양립 여건,5706.0,12,0,89.802171,2024,6353.966654102382,-53.42534248682087,9509458,668.1733758225108,6.506043183238303,0.28874319274503885,58.977942766644006
서울,2022,4-1. 일·가정 양립 여건,6248.0,11,0,94.590336,2024,6605.325939427893,3.955942783603117,9428372,700.5796906855068,6.553334493497473,0.3139384155547819,59.40664330109645
서울,2023,4-1. 일·가정 양립 여건,9643.0,12,0,97.706583,2024,9869.345241558596,49.41496198768065,9386034,1051.492594375707,6.958916529309176,0.5300189111871404,63.083285681354305
서울,2024,4-1. 일·가정 양립 여건,3773.0,13,0,100.0,2024,3773.0,-61.770513568495275,9331828,404.3152102674846,6.004665061347273,0.021625757771336233,54.432899128827515
서울,2016,4-2. 사회적 가치관,167.0,4,0,83.786765,2024,199.31548855001145,,9930616,20.070808150270985,3.0478885825751334,-1.6638350259692734,32.31017543100034
서울,2017,4-2. 사회적 가치관,191.0,4,0,85.339636,2024,223.81159441551873,12.290116560289688,9857426,22.704871881921175,3.1656805916535946,-1.5758213922795132,33.55886952679288
서울,2018,4-2. 사회적 가치관,737.0,6,0,86.797969,2024,849.098208738041,279.3807961358976,9765623,86.9476743816591,4.476742028328661,-0.5962024696119502,47.45722042517141
서울,2019,4-2. 사회적 가치관,307.0,4,0,87.068452,2024,352.5961389551292,-58.47404513087247,9729107,36.24136716300162,3.617420163953078,-1.2382837142095855,38.347687895537035
서울,2020,4-2. 사회적 가치관,420.0,2,0,87.535014,2024,479.8080000307077,36.07863133514553,9668465,49.62607818621753,3.9244668227054462,-1.0088598987868018,41.602640017641704
서울,2021,4-2. 사회적 가치관,245.0,4,0,89.802171,2024,272.82191206713696,-43.13935739927713,9509458,28.689533311692102,3.390794569948595,-1.4076172893093084,35.94526651396116
서울,2022,4-2. 사회적 가치관,180.0,4,0,94.590336,2024,190.29428122551548,-30.249634355363952,9428372,20.18315370092689,3.0532062290380972,-1.6598617056095604,32.36654694375204
서울,2023,4-2. 사회적 가치관,5926.0,7,0,97.706583,2024,6065.097988331042,3087.220314384207,9386034,646.1832535798445,6.472629490223859,0.8951152295387496,68.61530159750971
서울,2024,4-2. 사회적 가치관,2745.0,9,0,100.0,2024,2745.0,-54.74104449291259,9331828,294.15458578962233,5.68749923871532,0.3084696081961941,60.292262393434434
세종,2016,1-1. 고용여건,309.0,2,0,83.786765,2024,368.7933291134942,,243048,1517.3682939727717,7.325391546428989,-0.7969623339481199,65.57449448831144
세종,2017,1-1. 고용여건,317.0,2,0,85.339636,2024,371.4569394226148,0.7222501327568409,280100,1326.1582985455723,7.190795317756898,-0.8738719497515354,64.3696333420826
세종,2018,1-1. 고용여건,71.0,1,0,86.797969,2024,81.79914901004193,-77.97883406426897,314126,260.4023513177576,5.566060796244377,-1.8022613189403345,49.82554457213429
세종,2019,1-1. 고용여건,368.0,1,0,87.068452,2024,422.6559580960507,416.69970068290576,340575,1241.006997272409,7.124483896352279,-0.911762951556886,63.77603531939
세종,2020,1-1. 고용여건,393.0,1,0,87.535014,2024,448.96320002873364,6.224268563772251,355831,1261.7315524187989,7.1410325521888245,-0.902306885996889,63.92417344061733
세종,2021,1-1. 고용여건,1167.0,4,0,89.802171,2024,1299.523148499383,189.44981424228394,371895,3494.3280993274525,8.159182527036426,-0.3205259240164658,73.03831696328884
세종,2022,1-1. 고용여건,3643.0,4,0,94.590336,2024,3851.344813914183,196.36600304977262,383591,10040.23768522771,9.214455661069017,0.2824675781554239,82.4847747905181
세종,2023,1-1. 고용여건,3280.0,5,0,97.706583,2024,3356.9897741690547,-12.83590703068488,386525,8685.052129018963,9.069473814575602,0.19962351764728262,81.18694501124546
세종,2024,1-1. 고용여건,1704.0,5,0,100.0,2024,1704.0,-49.240238587804875,390685,4361.570062838348,8.380816626631196,-0.1938820082326341,75.02231248764876
세종,2016,1-2. 주거안정성,0.0,0,0,83.786765,2024,0.0,,243048,0.0,0.0,-2.1430285928748103,0.0
세종,2017,1-2. 주거안정성,0.0,0,0,85.339636,2024,0.0,,280100,0.0,0.0,-2.1430285928748103,0.0
세종,2018,1-2. 주거안정성,15343.0,1,0,86.797969,2024,17676.680891001033,inf,314126,56272.581355892326,10.937980456321545,1.180555136691301,88.36691724390558
세종,2019,1-2. 주거안정성,130.0,2,0,87.068452,2024,149.30781128393096,-99.15534023494229,340575,438.3992109929706,6.085408364302495,-0.29393366094227447,49.163442874219115
세종,2020,1-2. 주거안정성,43.0,1,0,87.535014,2024,49.123200003143886,-67.09937706492207,355831,138.05205280918156,4.93484834367191,-0.643539566687609,39.86817648265697
세종,2021,1-2. 주거안정성,19.0,1,0,89.802171,2024,21.157617670512664,-56.92948002337271,371895,56.89137436779915,4.0585683988317145,-0.909803506255426,32.78879307386371
세종,2022,1-2. 주거안정성,957.0,3,0,94.590336,2024,1011.7312618489907,4681.8770411899395,383591,2637.5260677361844,7.87797573255291,0.2507507772005068,63.64542635525208
세종,2023,1-2. 주거안정성,978.0,3,0,97.706583,2024,1000.9560972979682,-1.0650223984707496,386525,2589.6283482257763,7.859655730762207,0.2451841133981399,63.49742078067532
세종,2024,1-2. 주거안정성,517.0,3,0,100.0,2024,517.0,-48.34938301533742,390685,1323.316738548959,7.188651936397674,0.0412948029049774,58.07644412015401
세종,2016,1-3. 경제적 여건,3331.0,4,0,83.786765,2024,3975.5682177250787,,243048,16357.131997486416,9.702480422554844,-0.6685956334785114,62.94213400621823
세종,2017,1-3. 경제적 여건,4835.0,3,0,85.339636,2024,5665.597167534204,42.51037480061663,280100,20227.051651318117,9.914825615653115,-0.5152871119143762,65.60435285388765
세종,2018,1-3. 경제적 여건,4803.0,4,0,86.797969,2024,5533.539615425795,-2.330867306718243,314126,17615.668920833665,9.776600830586766,-0.6150823421847188,63.871398023832285
세종,2019,1-3. 경제적 여건,41136.0,5,0,87.068452,2024,47245.5855767368,753.8040541903907,340575,138722.999564668,11.840241623523967,0.8748205578457428,89.74372097881614
세종,2020,1-3. 경제적 여건,39884.0,6,0,87.535014,2024,45563.481602916065,-3.560341041997761,355831,128048.09474979994,11.76016902209702,0.8170099148853515,88.73983299062851
세종,2021,1-3. 경제적 여건,41968.0,7,0,89.802171,2024,46733.83675768818,2.568625385065415,371895,125664.06312988391,11.741375417440976,0.803441348992053,88.50421339500238
세종,2022,1-3. 경제적 여건,53894.0,9,0,94.590336,2024,56976.222179821845,21.916423158748444,383591,148533.7825439644,11.908574435683573,0.9241553332350809,90.60042462155586
세종,2023,1-3. 경제적 여건,81251.0,9,0,97.706583,2024,83158.16345762496,45.95239957323016,386525,215143.03979723167,12.279063035337039,1.1916398881736698,95.2453224808055
세종,2024,1-3. 경제적 여건,90681.0,11,0,100.0,2024,90681.0,9.046419773578162,390685,232107.7082560119,12.35496111097279,1.2464366160651976,96.19687351198812
세종,2016,2-1. 돌봄 여건,36344.0,25,0,83.786765,2024,43376.7791368959,,243048,178470.01060241557,12.092181461423907,-0.8401206393352458,38.10489794577918
세종,2017,2-1. 돌봄 여건,36766.0,25,0,85.339636,2024,43081.9742423087,-0.679637585946169,280100,153809.26184330133,11.943475055825925,-1.0897806965996877,34.95074456119836
세종,2018,2-1. 돌봄 여건,66637.0,29,0,86.797969,2024,76772.53369834034,78.20105751547892,314126,244400.44344734383,12.406567412347831,-0.3123046774391985,44.77321534060704
세종,2019,2-1. 돌봄 여건,44406.0,26,0,87.068452,2024,51001.25129134029,-33.568362493104964,340575,149750.4258719527,11.916732037614853,-1.1346789875048557,34.38350886570051
세종,2020,2-1. 돌봄 여건,55949.0,24,0,87.535014,2024,63916.13760409063,25.32268520035941,355831,179624.98378188137,12.09863210023136,-0.8292907974895989,38.24171992157381
세종,2021,2-1. 돌봄 여건,52978.0,20,0,89.802171,2024,58994.11941833789,-7.700744084757916,371895,158631.1174345928,11.9743430735741,-1.03795703071482,35.60547400788355
세종,2022,2-1. 돌봄 여건,56695.0,24,0,94.590336,2024,59937.41263378112,1.5989614299590782,383591,156253.43825528002,11.959240972029031,-1.063311631422126,35.28514924103093
세종,2023,2-1. 돌봄 여건,110711.0,24,0,97.706583,2024,113309.66307561897,89.04663731139588,386525,293149.6360536032,12.58844187211064,-0.006959471516622735,48.6308833443682
세종,2024,2-1. 돌봄 여건,106751.0,25,0,100.0,2024,106751.0,-5.788264564198675,390685,273240.59024533833,12.518111628786903,-0.12503543808321962,47.139136071438585
세종,2016,2-2. 여가 인프라,637.0,13,0,83.786765,2024,760.2632706967503,,243048,3128.037551005358,8.048480744557356,0.07841223273019915,70.9153509229379
세종,2017,2-2. 여가 인프라,726.0,10,0,85.339636,2024,850.7184164694586,11.897871337360533,280100,3037.1953461958537,8.019018982008797,0.05860801964943014,70.6557626482996
세종,2018,2-2. 여가 인프라,57.0,3,0,86.797969,2024,65.66973934609001,-92.28067265563334,314126,209.055408804397,5.347371347364306,-1.7372749980765418,47.11581323842238
세종,2019,2-2. 여가 인프라,191.0,4,0,87.068452,2024,219.3676304248524,234.04675061789106,340575,644.1096099973645,6.469420240338359,-0.9830331116016928,57.00221211584494
세종,2020,2-2. 여가 인프라,14845.0,12,0,87.535014,2024,16958.928001085373,7630.825176094019,355831,47660.06334772792,10.771870061518571,1.909076037928372,94.9111974984156
세종,2021,2-2. 여가 인프라,3761.0,10,0,89.802171,2024,4188.094739936743,-75.30448422406944,371895,11261.497841962768,9.329233710303946,0.9393350847037306,82.20009507455084
세종,2022,2-2. 여가 인프라,8701.0,10,0,94.590336,2024,9198.614116351167,119.6372022971501,383591,23980.265742291052,10.085028210436686,1.4473805657312813,88.85941798326054
세종,2023,2-2. 여가 인프라,4973.0,10,0,97.706583,2024,5089.728703336192,-44.66852681330713,386525,13167.915926101008,9.485614477461805,1.0444543228831809,83.57796964896627
세종,2024,2-2. 여가 인프라,4709.0,9,0,100.0,2024,4709.0,-7.480333933842753,390685,12053.188630226397,9.397167482686635,0.9850002040742976,82.79866112209902
세종,2016,2-3. 가사수행 격차,7.0,1,0,83.786765,2024,8.354541436228025,,243048,34.374039022036904,3.565978190139627,1.29141071470053,54.15525844465979
세종,2017,2-3. 가사수행 격차,0.0,0,0,85.339636,2024,0.0,-100.0,280100,0.0,0.0,-0.931640529002546,0.0
세종,2018,2-3. 가사수행 격차,0.0,0,0,86.797969,2024,0.0,,314126,0.0,0.0,-0.931640529002546,0.0
세종,2019,2-3. 가사수행 격차,0.0,0,0,87.068452,2024,0.0,,340575,0.0,0.0,-0.931640529002546,0.0
세종,2020,2-3. 가사수행 격차,0.0,1,0,87.535014,2024,0.0,,355831,0.0,0.0,-0.931640529002546,0.0
세종,2021,2-3. 가사수행 격차,0.0,0,0,89.802171,2024,0.0,,371895,0.0,0.0,-0.931640529002546,0.0
세종,2022,2-3. 가사수행 격차,0.0,0,0,94.590336,2024,0.0,,383591,0.0,0.0,-0.931640529002546,0.0
세종,2023,2-3. 가사수행 격차,0.0,0,0,97.706583,2024,0.0,,386525,0.0,0.0,-0.931640529002546,0.0
세종,2024,2-3. 가사수행 격차,0.0,0,0,100.0,2024,0.0,,390685,0.0,0.0,-0.931640529002546,0.0
세종,2016,3-1. 의료서비스 여건,773.0,12,0,83.786765,2024,922.5800757434662,,243048,3795.8760234335036,8.24193390850925,-0.5557597833487762,33.305432772368555
세종,2017,3-1. 의료서비스 여건,1270.0,10,0,85.339636,2024,1488.171334595334,61.30538407694128,280100,5313.000123510654,8.57810014956226,-0.2335394705883434,38.5524935704401
세종,2018,3-1. 의료서비스 여건,459.0,8,0,86.797969,2024,528.8142168395669,-64.46550175061913,314126,1683.446186688039,7.429192116173088,-1.334784808882902,20.619728270443275
세종,2019,3-1. 의료서비스 여건,6001.0,12,0,87.068452,2024,6892.278273191305,1203.3458734113995,340575,20237.182039760126,9.915326299197375,1.048211566687613,59.42462780357421
세종,2020,3-1. 의료서비스 여건,5922.0,9,0,87.535014,2024,6765.292800432979,-1.8424310180895853,355831,19012.657133394725,9.852912796432562,0.9883873014123243,58.45044478447702
세종,2021,3-1. 의료서비스 여건,583.0,9,0,89.802171,2024,649.2047948373096,-90.40389213020077,371895,1745.6669082329947,7.465464626948301,-1.3000170709625662,21.185888836537234
세종,2022,3-1. 의료서비스 여건,1055.4,9,0,94.590336,2024,1115.7588022522725,71.86545927034953,383591,2908.7199706256733,7.975812125509591,-0.8108414473549845,29.151662986573147
세종,2023,3-1. 의료서비스 여건,1465.0,9,0,97.706583,2024,1499.3872009627028,34.382735581923015,386525,3879.1467588453597,8.263628256346673,-0.534965430163842,33.64404964752206
세종,2024,3-1. 의료서비스 여건,2282.0,13,0,100.0,2024,2282.0,52.19551017474402,390685,5841.022818895018,8.672832388947421,-0.14273721838250908,40.031124553832115
세종,2016,3-2. 산후조리 여건,980.0,2,0,83.786765,2024,1169.6358010719234,,243048,4812.365463085166,8.479151798912627,0.47826480558956397,86.65850394465991
세종,2017,3-2. 산후조리 여건,1500.0,2,0,85.339636,2024,1757.6826786559063,50.276066878686684,280100,6275.196996272426,8.744519502186376,0.7339738961406608,89.37061108772139
세종,2018,3-2. 산후조리 여건,1895.0,2,0,86.797969,2024,2183.230808084922,24.21074831063539,314126,6950.17543305846,8.846666051317241,0.8324026079204114,90.41456776413395
세종,2019,3-2. 산후조리 여건,2831.0,2,0,87.068452,2024,3251.4647211139118,48.92904172445327,340575,9546.98589477769,9.16408551016162,1.1382689215033666,93.65865350274579
세종,2020,3-2. 산후조리 여건,1380.0,2,0,87.535014,2024,1576.5120001008968,-51.51379038918795,355831,4430.50774131792,8.39649515306126,0.39861662128563796,85.8137376943987
세종,2021,3-2. 산후조리 여건,1652.0,2,0,89.802171,2024,1839.5991785098379,16.687927424092152,371895,4946.555287137063,8.506648852176701,0.5047610460749338,86.93952892867505
세종,2022,3-2. 산후조리 여건,2398.0,2,0,94.590336,2024,2535.1427021043673,37.80951479647607,383591,6608.973365132048,8.796334903356835,0.7839033673852074,89.90017409746726
세종,2023,3-2. 산후조리 여건,2388.0,2,0,97.706583,2024,2444.052311193812,-3.593107040283894,386525,6323.14161100527,8.75212959071073,0.7413069995724992,89.44838760382191
세종,2024,3-2. 산후조리 여건,1674.0,2,0,100.0,2024,1674.0,-31.507194329145726,390685,4284.781857506687,8.363058278216245,0.3663967514521592,85.47200663221564
세종,2016,3-3. 아동안전 수준,671.0,2,0,83.786765,2024,800.8424719584292,,243048,3294.997169112394,8.10046403214319,0.8814924567238054,83.01192118605432
세종,2017,3-3. 아동안전 수준,30.0,1,0,85.339636,2024,35.15365357311813,-95.61041593022019,280100,125.5039399254485,4.840273453338279,-0.5371429134956885,49.602145856471545
세종,2018,3-3. 아동안전 수준,1530.0,1,0,86.797969,2024,1762.7140561318897,4914.312530745967,314126,5611.48728896013,8.632749267274693,1.113110407684192,88.46667289063613
세종,2019,3-3. 아동안전 수준,0.0,0,0,87.068452,2024,0.0,-100.0,340575,0.0,0.0,-2.6433336273395467,0.0
세종,2020,3-3. 아동안전 수준,56.0,2,0,87.535014,2024,63.97440000409436,inf,355831,179.7887199375388,5.197329056285754,-0.3817741719351828,53.26117964185742
세종,2021,3-3. 아동안전 수준,56.0,1,0,89.802171,2024,62.359294186774164,-2.5246126844750916,371895,167.67984024193433,5.128002481770573,-0.4119408533993825,52.550734892406346
세종,2022,3-3. 아동안전 수준,0.0,0,0,94.590336,2024,0.0,-100.0,383591,0.0,0.0,-2.6433336273395467,0.0
세종,2023,3-3. 아동안전 수준,0.0,0,0,97.706583,2024,0.0,,386525,0.0,0.0,-2.6433336273395467,0.0
세종,2024,3-3. 아동안전 수준,871.0,2,0,100.0,2024,871.0,inf,390685,2229.417561462559,7.709944094218206,0.7115620850706901,79.00995164702846
세종,2016,4-1. 일·가정 양립 여건,6.0,2,0,83.786765,2024,7.161035516766878,,243048,29.46346201888877,3.416527998883983,-1.357246800285403,30.971173584882713
세종,2017,4-1. 일·가정 양립 여건,5.0,2,0,85.339636,2024,5.858942262186354,-18.18303025493726,280100,20.917323320908082,3.0872773433511846,-1.5326604985090486,27.986482925601216
세종,2018,4-1. 일·가정 양립 여건,0.0,1,1,86.797969,2024,0.0,-100.0,314126,0.0,0.0,-3.177458244964427,0.0
세종,2019,4-1. 일·가정 양립 여건,0.0,1,0,87.068452,2024,0.0,,340575,0.0,0.0,-3.177458244964427,0.0
세종,2020,4-1. 일·가정 양립 여건,0.0,1,0,87.535014,2024,0.0,,355831,0.0,0.0,-3.177458244964427,0.0
세종,2021,4-1. 일·가정 양립 여건,1593.0,3,0,89.802171,2024,1773.8992078487722,inf,371895,4769.892598310739,8.470288693904672,1.3352272724429701,76.78402797772573
세종,2022,4-1. 일·가정 양립 여건,1581.0,4,0,94.590336,2024,1671.4181034307776,-5.777166141377032,383591,4357.292281181721,8.379835580988924,1.287036889870408,75.96406131498458
세종,2023,4-1. 일·가정 양립 여건,2218.0,5,0,97.706583,2024,2270.0619875326106,35.816525073711226,386525,5873.001714074408,8.678291403565538,1.4460441346998079,78.66959368335932
세종,2024,4-1. 일·가정 양립 여건,2001.0,5,0,100.0,2024,2001.0,-11.852627329576194,390685,5121.773295621792,8.541451230690237,1.373140283526675,77.42912360704482
세종,2016,4-2. 사회적 가치관,27.0,3,0,83.786765,2024,32.22465982545095,,243048,132.58557908499947,4.894742314295955,-0.2838746271788118,51.8883740595345
세종,2017,4-2. 사회적 가치관,35.0,4,0,85.339636,2024,41.01259583530448,27.27084182565318,280100,146.4212632463566,4.993294224754117,-0.21023710444403096,52.933106972071975
세종,2018,4-2. 사회적 가치관,37.0,4,1,86.797969,2024,42.62772554044439,3.9381308894121947,314126,135.70263378531033,4.917808010444888,-0.26664004779151923,52.132889785362146
세종,2019,4-2. 사회적 가치관,103.0,6,0,87.068452,2024,118.29772740188375,177.51358042700417,340575,347.3470671713536,5.85319930223975,0.4322799142390668,62.048822049850365
세종,2020,4-2. 사회적 가치관,57.0,5,0,87.535014,2024,65.11680000416747,-44.955155577121786,355831,182.99923279356625,5.214931588000109,-0.04463071184312578,55.28264892366522
세종,2021,4-2. 사회적 가치관,56.0,8,0,89.802171,2024,62.359294186774164,-4.234707198782539,371895,167.67984024193433,5.128002481770573,-0.10958373007009502,54.36112748472755
세종,2022,4-2. 사회적 가치관,39.0,4,0,94.590336,2024,41.23042759886169,-33.88246589935541,383591,107.48538834034606,4.686615494237509,-0.4393860056241619,49.68205519787091
세종,2023,4-2. 사회적 가치관,40.0,4,0,97.706583,2024,40.93889968498847,-0.7070698288883737,386525,105.91526986608491,4.672036650356497,-0.45027924901989114,49.52750722453958
세종,2024,4-2. 사회적 가치관,40.0,3,0,100.0,2024,40.0,-2.2934169999999976,390685,102.38427377554808,4.638452859361728,-0.4753728992738589,49.17149087115889
울산,2016,1-1. 고용여건,0.0,0,0,83.786765,2024,0.0,,1172304,0.0,0.0,-4.9827634890310195,0.0
울산,2017,1-1. 고용여건,6820.0,7,0,85.339636,2024,7991.597245622187,inf,1165132,6858.962972111474,8.833457323053976,0.06476136091909639,79.07420304730496
울산,2018,1-1. 고용여건,17858.0,20,0,86.797969,2024,20574.21412706097,157.44808571692684,1155623,17803.569267019582,9.787210403732626,0.6097453008853787,87.61188676506616
울산,2019,1-1. 고용여건,8674.0,4,0,87.068452,2024,9962.276577513978,-51.57882329799058,1148019,8677.797647524978,9.068638278189239,0.19914608389524543,81.17946556447252
울산,2020,1-1. 고용여건,5365.0,11,0,87.535014,2024,6128.976000392255,-38.478158554380336,1136017,5395.144615258623,8.59344001742416,-0.0723869005461804,76.92564711205338
울산,2021,1-1. 고용여건,9005.0,20,0,89.802171,2024,10027.597216998238,63.60966687349521,1121592,8940.503513753876,9.098459032299425,0.2161859576287815,81.44641114187161
울산,2022,1-1. 고용여건,9621.0,21,0,94.590336,2024,10171.229331503802,1.432368207431467,1110663,9157.799738988157,9.122470416221066,0.22990629979988894,81.66135314908675
울산,2023,1-1. 고용여건,11671.0,18,0,97.706583,2024,11944.947455587511,17.438581574302848,1103661,10823.022155886192,9.289523216770757,0.32536192166922107,83.15675484597527
울산,2024,1-1. 고용여건,12933.0,25,0,100.0,2024,12933.0,8.271719470396711,1098049,11778.162905298397,9.374087394009884,0.37368272862168034,83.91374553229277
울산,2016,1-2. 주거안정성,0.0,0,0,83.786765,2024,0.0,,1172304,0.0,0.0,-2.1430285928748103,0.0
울산,2017,1-2. 주거안정성,0.0,0,0,85.339636,2024,0.0,,1165132,0.0,0.0,-2.1430285928748103,0.0
울산,2018,1-2. 주거안정성,1049.0,2,0,86.797969,2024,1208.5536241061125,inf,1155623,1045.8026744934225,6.953495725575752,-0.030159096589097937,56.17663916949866
울산,2019,1-2. 주거안정성,2271.0,4,0,87.068452,2024,2608.292610967748,115.81935289771938,1148019,2271.994288393962,7.728853311044266,0.20543886099999945,62.440680311566354
울산,2020,1-2. 주거안정성,3185.0,3,0,87.535014,2024,3638.544000232867,39.499072494127404,1136017,3202.8957315188654,8.07212276443738,0.3097437438538572,65.21392199923264
울산,2021,1-2. 주거안정성,5006.0,6,0,89.802171,2024,5574.475476767705,53.206213155892534,1121592,4970.145540238968,8.511405583525463,0.4432229757860455,68.76284665456895
울산,2022,1-2. 주거안정성,5302.0,7,0,94.590336,2024,5605.223772542684,0.5515908340278042,1110663,5046.736744217358,8.526695252349548,0.44786885120492276,68.88637045359746
울산,2023,1-2. 주거안정성,10024.0,9,0,97.706583,2024,10259.288261058111,83.03084189633012,1103661,9295.68795224087,9.137413481542866,0.6334399607897132,73.82030569273758
울산,2024,1-2. 주거안정성,14337.0,9,0,100.0,2024,14337.0,39.746536359836405,1098049,13056.794368921606,9.477140504105478,0.736668450655086,76.5649284142893
울산,2016,1-3. 경제적 여건,7916.0,15,0,83.786765,2024,9447.792858454435,,1172304,8059.1662729585805,8.994689464687218,-1.1796050128004703,54.068401567296696
울산,2017,1-3. 경제적 여건,13424.4,13,0,85.339636,2024,15730.556900898899,66.49980727321176,1165132,13501.094211556201,9.510600079177546,-0.8071289872652312,60.53648752473695
울산,2018,1-3. 경제적 여건,103296.0,14,0,86.797969,2024,119007.39290339848,656.5364255895987,1155623,102981.15640083182,11.542311013377319,0.6597212626658162,86.00849874911871
울산,2019,1-3. 경제적 여건,91466.0,15,0,87.068452,2024,105050.6789761233,-11.727602451222696,1148019,91506.04561085076,11.424171249510655,0.5744269724016035,84.5273542907203
울산,2020,1-3. 경제적 여건,99421.0,17,0,87.535014,2024,113578.55040726902,8.117864172095457,1136017,99979.62214233504,11.512731667616084,0.6383656308225719,85.63765592174732
울산,2021,1-3. 경제적 여건,88980.0,20,0,89.802171,2024,99084.46422748509,-12.761288225471413,1121592,88342.69879553803,11.388990154271028,0.5490270016299635,84.0862810859916
울산,2022,1-3. 경제적 여건,112426.0,22,0,94.590336,2024,118855.69367255447,19.95391467190779,1110663,107013.28276223702,11.580717588295103,0.6874499582537725,86.49001050895043
울산,2023,1-3. 경제적 여건,159154.0,24,0,97.706583,2024,162889.7410116164,37.048328084622526,1103661,147590.3751347709,11.902202755394907,0.9195551213316137,90.52054145062881
울산,2024,1-3. 경제적 여건,203711.0,25,0,100.0,2024,203711.0,25.060669097308264,1098049,185520.86473372317,12.130928023268092,1.0846896937246462,93.38812093376045
울산,2016,2-1. 돌봄 여건,365990.0,41,0,83.786765,2024,436811.23146358493,,1172304,372609.1794138593,12.828288056727756,0.39571324419710785,53.71816692133831
울산,2017,2-1. 돌봄 여건,1787681.0,44,0,85.339636,2024,2094783.9524415126,379.56274966252687,1165132,1797894.103364694,14.402127151580277,3.037998604843527,87.1002521640875
울산,2018,2-1. 돌봄 여건,497786.0,57,0,86.797969,2024,573499.5942128554,-72.62249438447195,1155623,496268.76084402564,13.114874930531334,0.8768579200926935,59.79684896834931
울산,2019,2-1. 돌봄 여건,170674.0,50,0,87.068452,2024,196022.77986979717,-65.81989214153778,1148019,170748.7244286002,12.047954163543595,-0.9143729197064148,37.166810035315
울산,2020,2-1. 돌봄 여건,314216.0,46,0,87.535014,2024,358960.3584229735,83.12175690060266,1136017,315981.5024097118,12.66344211891479,0.11895686568940392,50.22168423388228
울산,2021,2-1. 돌봄 여건,464438.0,68,0,89.802171,2024,517179.0334556611,44.07692139817119,1121592,461111.5570150831,13.041397450561107,0.7534981241024206,58.23834689033455
울산,2022,2-1. 돌봄 여건,399851.8,68,0,94.590336,2024,422719.50487626984,-18.26437702786138,1110663,380601.05079242744,12.849509622143982,0.4313416841136737,54.16828924199106
울산,2023,2-1. 돌봄 여건,412914.0,75,0,97.706583,2024,422606.12061318324,-0.02682257662082188,1103661,382912.9783630872,12.855565643362336,0.4415090107872565,54.2967411385059
울산,2024,2-1. 돌봄 여건,389419.0,82,0,100.0,2024,389419.0,-7.852967336353334,1098049,354646.28627684194,12.778879014766309,0.31276144265317146,52.67017106463725
울산,2016,2-2. 여가 인프라,1926.0,12,0,83.786765,2024,2298.692400882168,,1172304,1960.8330269982596,7.5816345330370645,-0.23540204887155936,66.80195810164138
울산,2017,2-2. 여가 인프라,786.0,11,0,85.339636,2024,921.0257236156948,-59.93262416223095,1165132,790.4904539706185,6.673917818566869,-0.8455697264066097,58.8040450310535
울산,2018,2-2. 여가 인프라,11307.0,10,0,86.797969,2024,13026.80250502175,1314.3798778911505,1155623,11272.536549568284,9.330213359899485,0.939993605703707,82.20872678990855
울산,2019,2-2. 여가 인프라,8231.0,8,0,87.068452,2024,9453.481497523351,-27.430530294144752,1148019,8234.603693426112,9.016221948173287,0.7289284050692239,79.44214116262611
울산,2020,2-2. 여가 인프라,3022.0,15,0,87.535014,2024,3452.332800220949,-63.480831891135544,1136017,3038.979874615388,8.019606174186046,0.0590027305557598,70.6609364122223
울산,2021,2-2. 여가 인프라,3002.0,13,0,89.802171,2024,3342.9035919410007,-3.169717828853147,1121592,2980.498783818894,8.000181400653936,0.04594538704341756,70.48978428111239
울산,2022,2-2. 여가 인프라,2407.0,15,0,94.590336,2024,2544.657416165643,-23.87882730748658,1110663,2291.115681503429,7.7372305484211035,-0.1308103212685261,68.17291820993655
울산,2023,2-2. 여가 인프라,2807.0,13,0,97.706583,2024,2872.887285394066,12.89878421917432,1103661,2603.0522827154955,7.8648240809746355,-0.04504187811264354,69.29714779110935
울산,2024,2-2. 여가 인프라,3360.0,15,0,100.0,2024,3360.0,16.955510822942642,1098049,3059.97273345725,8.026488031181874,0.06362871863478624,70.72157261417763
울산,2016,2-3. 가사수행 격차,0.0,0,0,83.786765,2024,0.0,,1172304,0.0,0.0,-0.931640529002546,0.0
울산,2017,2-3. 가사수행 격차,0.0,0,0,85.339636,2024,0.0,,1165132,0.0,0.0,-0.931640529002546,0.0
울산,2018,2-3. 가사수행 격차,0.0,0,0,86.797969,2024,0.0,,1155623,0.0,0.0,-0.931640529002546,0.0
울산,2019,2-3. 가사수행 격차,0.0,0,0,87.068452,2024,0.0,,1148019,0.0,0.0,-0.931640529002546,0.0
울산,2020,2-3. 가사수행 격차,0.0,0,0,87.535014,2024,0.0,,1136017,0.0,0.0,-0.931640529002546,0.0
울산,2021,2-3. 가사수행 격차,0.0,0,0,89.802171,2024,0.0,,1121592,0.0,0.0,-0.931640529002546,0.0
울산,2022,2-3. 가사수행 격차,0.0,0,0,94.590336,2024,0.0,,1110663,0.0,0.0,-0.931640529002546,0.0
울산,2023,2-3. 가사수행 격차,0.0,0,0,97.706583,2024,0.0,,1103661,0.0,0.0,-0.931640529002546,0.0
울산,2024,2-3. 가사수행 격차,0.0,0,0,100.0,2024,0.0,,1098049,0.0,0.0,-0.931640529002546,0.0
울산,2016,3-1. 의료서비스 여건,2292.0,10,0,83.786765,2024,2735.5155674049474,,1172304,2333.452387268957,7.755532618944474,-1.0219826115533637,25.713423739539113
울산,2017,3-1. 의료서비스 여건,4797.0,10,0,85.339636,2024,5621.069206341588,105.4848187785686,1165132,4824.405480530608,8.48165004765781,-0.32598831942003426,37.047049278688505
울산,2018,3-1. 의료서비스 여건,1363.0,11,0,86.797969,2024,1570.3132408547488,-72.0637981278873,1155623,1358.8456104237703,7.215126450538789,-1.5399699146683363,17.278477944876837
울산,2019,3-1. 의료서비스 여건,13849.0,13,0,87.068452,2024,15905.87598823969,912.9110278393783,1148019,13855.06336414266,9.536478203839007,0.6850800654616536,53.51136600978959
울산,2020,3-1. 의료서비스 여건,18285.0,11,0,87.535014,2024,20888.78400133688,31.327466759965915,1136017,18387.738917055714,9.81949374086181,0.9563546424979872,57.92882245903294
울산,2021,3-1. 의료서비스 여건,10093.0,21,0,89.802171,2024,11239.14921834128,-46.195292087744434,1121592,10020.710934405095,9.21250911199904,0.3745509005746712,48.45468477893312
울산,2022,3-1. 의료서비스 여건,36223.2,21,0,94.590336,2024,38294.82115382273,240.72704623699659,1110663,34479.244517754465,10.44814181633469,1.558923118322937,67.74109469155826
울산,2023,3-1. 의료서비스 여건,46782.0,23,0,97.706583,2024,47880.09012657827,25.03019647030966,1103661,43382.96825436277,10.677845256784568,1.77909726249655,71.32642769165761
울산,2024,3-1. 의료서비스 여건,50633.0,24,0,100.0,2024,50633.0,5.749592087533673,1098049,46111.78553962528,10.738845534124854,1.8375669303058186,72.27855233957321
울산,2016,3-2. 산후조리 여건,874.0,2,0,83.786765,2024,1043.124173609042,,1172304,889.8068876409549,6.792127667325655,-1.1473565533926358,69.41680444110648
울산,2017,3-2. 산후조리 여건,899.0,1,0,85.339636,2024,1053.4378187411064,0.988726499969883,1165132,904.1360281419671,6.8080852397441,-1.1319797902063693,69.579893790745
울산,2018,3-2. 산후조리 여건,1602.0,1,0,86.797969,2024,1845.6653058322138,75.20401043108988,1155623,1597.1171444599267,7.376581430560504,-0.5841752075761157,75.39003029528374
울산,2019,3-2. 산후조리 여건,4021.0,2,0,87.068452,2024,4618.2054551745105,150.21900994623473,1148019,4022.760472757428,8.299972185345245,0.3056068089103413,84.8272550630061
울산,2020,3-2. 산후조리 여건,10212.0,5,0,87.535014,2024,11666.188800746637,152.61303148986474,1136017,10269.378715940551,9.237019178186282,1.208548016099528,94.40404911637594
울산,2021,3-2. 산후조리 여건,4067.0,2,0,89.802171,2024,4528.8437403144735,-61.17974929374855,1121592,4037.8709373056095,8.30372046093195,0.3092186581654956,84.86556313466463
울산,2022,3-2. 산후조리 여건,5569.0,4,0,94.590336,2024,5887.493623027199,29.999928472214933,1110663,5300.882106478021,8.575817150931822,0.5714118198934531,87.64644177003788
울산,2023,3-2. 산후조리 여건,8842.0,7,0,97.706583,2024,9049.543775366701,53.70791638689973,1103661,8199.568323395228,9.0119587385818,0.991679122031721,92.1038896834769
울산,2024,3-2. 산후조리 여건,8819.0,6,0,100.0,2024,8819.0,-2.5475734588328414,1098049,8031.51771915461,8.991253296920306,0.971727298236277,91.89227622962547
울산,2016,3-3. 아동안전 수준,5929.0,4,0,83.786765,2024,7076.296596485136,,1172304,6036.230019248536,8.705700579652248,1.1448543531809818,89.21426322243379
울산,2017,3-3. 아동안전 수준,277.0,3,0,85.339636,2024,324.585401325124,-95.41306109912989,1165132,278.58251367666844,5.633297467905592,-0.19206740661809796,57.72889597037744
울산,2018,3-3. 아동안전 수준,154.0,3,0,86.797969,2024,177.42350630347124,-45.33842077335039,1155623,153.53061188940617,5.040392211918125,-0.45006347985415807,51.652922521754256
울산,2019,3-3. 아동안전 수준,69.0,4,0,87.068452,2024,79.24799214300951,-55.33399503025207,1148019,69.03020955490241,4.248926714021973,-0.7944608156796754,43.54214377227396
울산,2020,3-3. 아동안전 수준,72.0,2,0,87.535014,2024,82.25280000526418,3.7916517264339644,1136017,72.40455028865253,4.295985926732395,-0.7739835269960921,44.02439709024367
울산,2021,3-3. 아동안전 수준,12.0,1,0,89.802171,2024,13.362705897165892,-83.75410211407919,1121592,11.91405243365314,2.558316054413869,-1.5301110855081752,26.21710680219307
울산,2022,3-3. 아동안전 수준,18.0,2,0,94.590336,2024,19.02942812255155,42.40699652446529,1110663,17.133395208584016,2.8977552774260547,-1.382407914124425,29.69561147999089
울산,2023,3-3. 아동안전 수준,68.0,6,0,97.706583,2024,69.5961294644804,265.72895946359444,1103661,63.059335669630805,4.159809773687507,-0.833239052898727,42.628891346483016
울산,2024,3-3. 아동안전 수준,58.0,5,0,100.0,2024,58.0,-16.662032147058813,1098049,52.82095789896444,3.985662943337409,-0.9090170932232359,40.844269762033036
울산,2016,4-1. 일·가정 양립 여건,1566.0,9,0,83.786765,2024,1869.0302698761552,,1172304,1594.3221808303606,7.374830989071863,0.7516041755007441,66.85359253497312
울산,2017,4-1. 일·가정 양립 여건,1242.0,11,0,85.339636,2024,1455.3612579270903,-22.132815001250638,1165132,1249.095602839069,7.130975309642983,0.6216860543287772,64.64301601409626
울산,2018,4-1. 일·가정 양립 여건,101.0,2,0,86.797969,2024,116.36216971851036,-92.00458517878592,1155623,100.69215455084432,4.621950157019291,-0.7150383334956414,41.89844797422404
울산,2019,4-1. 일·가정 양립 여건,242.0,4,0,87.068452,2024,277.9422333131638,138.85961733571042,1148019,242.10595235197658,5.49349736622173,-0.25070723324224253,49.79911201457322
울산,2020,4-1. 일·가정 양립 여건,3578.6,18,0,87.535014,2024,4088.192640261644,1370.8785316751,1136017,3598.707273096832,8.18860780810946,1.18515715089289,74.23056211637268
울산,2021,4-1. 일·가정 양립 여건,93.0,19,0,89.802171,2024,103.56097070303566,-97.46682752463427,1121592,92.33390636081184,4.53618345406242,-0.7607319541378482,41.120964094113006
울산,2022,4-1. 일·가정 양립 여건,298.0,19,0,94.590336,2024,315.0427544733534,204.20992805943118,1110663,283.652876231002,5.651270459793616,-0.1666510245193023,51.229341144741326
울산,2023,4-1. 일·가정 양립 여건,134.0,20,0,97.706583,2024,137.14531394471138,-56.46771366826935,1103661,124.26398499603718,4.830423390386821,-0.6039707920006578,43.788279025085224
울산,2024,4-1. 일·가정 양립 여건,1042.0,21,0,100.0,2024,1042.0,659.7780558656717,1098049,948.9558298400162,6.856415488608419,0.4754097970701262,62.15410332862332
울산,2016,4-2. 사회적 가치관,400.0,7,0,83.786765,2024,477.40236778445853,,1172304,407.2342735198878,6.011841209418179,0.5508163991456678,63.73055932887938
울산,2017,4-2. 사회적 가치관,332.0,7,0,85.339636,2024,389.0337662091739,-18.510298133917512,1165132,333.89673119369644,5.8138222192081725,0.4028575434957001,61.631391941681386
울산,2018,4-2. 사회적 가치관,464.0,12,0,86.797969,2024,534.5747202909782,37.410879651909326,1155623,462.5857397187303,6.1389913511105565,0.6458223853926611,65.07845747963339
울산,2019,4-2. 사회적 가치관,293.0,9,0,87.068452,2024,336.51683620147514,-37.04961655906527,1148019,293.12828115342614,5.684016002628061,0.30586695061833774,60.25533716930047
울산,2020,4-2. 사회적 가치관,440.0,9,0,87.535014,2024,502.65600003216997,49.37023826386686,1136017,442.4722517639877,6.0946352333074625,0.6126797033485765,64.60824542665696
울산,2021,4-2. 사회적 가치관,127.0,4,0,89.802171,2024,141.4219707450057,-71.86505866120076,1121592,126.0903882561624,4.84489855185951,-0.32111765141383114,51.35998837061211
울산,2022,4-2. 사회적 가치관,335.0,7,0,94.590336,2024,354.15880116970936,150.427001762183,1110663,318.8715219375359,5.7679194212282985,0.3685591893174926,61.144783781533214
울산,2023,4-2. 사회적 가치관,134.0,8,0,97.706583,2024,137.14531394471138,-61.27575723326646,1103661,124.26398499603718,4.830423390386821,-0.3319334238030152,51.20653951777397
울산,2024,4-2. 사회적 가치관,155.0,8,0,100.0,2024,155.0,13.018808694029849,1098049,141.1594564541291,4.956949360359409,-0.23739381572152624,52.54782092476614
인천,2016,1-1. 고용여건,0.0,0,0,83.786765,2024,0.0,,2943069,0.0,0.0,-4.9827634890310195,0.0
인천,2017,1-1. 고용여건,523.0,3,0,85.339636,2024,612.8453606246926,inf,2948542,207.8469157382505,5.341601523001965,-1.9305195668786537,47.816259022987076
인천,2018,1-1. 고용여건,10242.0,13,0,86.797969,2024,11799.81526987112,1825.4147992314402,2954642,3993.653129506424,8.292712028274677,-0.2442258468153802,74.23362911656795
인천,2019,1-1. 고용여건,8211.0,11,0,87.068452,2024,9430.51106501813,-20.07916353489547,2957026,3189.187739647244,8.067835046601141,-0.372722777481087,72.22060437900456
인천,2020,1-1. 고용여건,14168.0,23,0,87.535014,2024,16185.523201035874,71.62933259338429,2942828,5499.9895342289365,8.612683270352095,-0.06139111556693621,77.0979063797065
인천,2021,1-1. 고용여건,33955.0,31,0,89.802171,2024,37810.88989485566,133.60931509730722,2948375,12824.31505315832,9.45917623528565,0.42230333379197904,84.67543283841016
인천,2022,1-1. 고용여건,42719.5,31,1,94.590336,2024,45162.647482296714,19.443492623116732,2967314,15220.043272230952,9.630434175205194,0.5201618138730605,86.20847755911292
인천,2023,1-1. 고용여건,29833.0,30,0,97.706583,2024,30533.254857556527,-32.39268165240923,2997410,10186.546003902211,9.228921273259385,0.2907333719811393,82.61426619051157
인천,2024,1-1. 고용여건,25707.0,27,0,100.0,2024,25707.0,-15.806552167700193,3021010,8509.405794750763,9.049044904890101,0.18795023667428945,81.00407213447383
인천,2016,1-2. 주거안정성,0.0,0,0,83.786765,2024,0.0,,2943069,0.0,0.0,-2.1430285928748103,0.0
인천,2017,1-2. 주거안정성,0.0,0,0,85.339636,2024,0.0,,2948542,0.0,0.0,-2.1430285928748103,0.0
인천,2018,1-2. 주거안정성,7413.0,2,0,86.797969,2024,8540.522417062548,inf,2954642,2890.5439024634957,7.96954586076625,0.2785750167353515,64.38521282444123
인천,2019,1-2. 주거안정성,12624.0,3,0,87.068452,2024,14498.936997294957,69.76639471525165,2957026,4903.215932932262,8.497850508647536,0.43910416916564343,68.65333647718694
인천,2020,1-2. 주거안정성,83636.0,2,0,87.535014,2024,95545.76640611493,558.9846305556107,2942828,32467.329523205204,10.388020416998136,1.0134458384158198,83.92384171671722
인천,2021,1-2. 주거안정성,377208.0,4,0,89.802171,2024,420043.2971715127,339.62523193976904,2948375,142466.0354166321,11.866865921520237,1.4628036405255325,95.8712957130443
인천,2022,1-2. 주거안정성,666604.0,4,0,94.590336,2024,704727.3835669641,67.7749385152571,2967314,237496.73393748153,12.377913361095446,1.6180890665684124,100.0
인천,2023,1-2. 주거안정성,6748.0,6,0,97.706583,2024,6906.392376857555,-99.0199909159339,2997410,2304.1200158995784,7.742888021710669,0.20970340839120138,62.55406542145503
인천,2024,1-2. 주거안정성,45571.0,5,0,100.0,2024,45571.0,559.8379807191761,3021010,15084.69021949613,9.62150190589916,0.7805336969036788,77.73121062666459
인천,2016,1-3. 경제적 여건,2988.0,9,0,83.786765,2024,3566.1956873499053,,2943069,1211.7268359491081,7.100626686509274,-2.5470763458470183,30.322115846570032
인천,2017,1-3. 경제적 여건,2859.0,9,0,85.339636,2024,3350.143185518157,-6.058346786693026,2948542,1136.2033118463828,7.036327292053982,-2.5934990830777505,29.51598005741001
인천,2018,1-3. 경제적 여건,41457.0,16,0,86.797969,2024,47762.63831703251,1325.6894607818144,2954642,16165.287813898442,9.69068335379103,-0.6771128555760878,62.794231535001266
인천,2019,1-3. 경제적 여건,237120.0,22,0,87.068452,2024,272337.44778189005,470.18928890444585,2957026,92098.42855013451,11.430624017556772,0.5790857278681736,84.60825407687209
인천,2020,1-3. 경제적 여건,241731.0,28,0,87.535014,2024,276153.49441767385,1.401219944911869,2942828,93839.49534858097,11.449351761964117,0.5926067441220819,84.84304796793275
인천,2021,1-3. 경제적 여건,228599.0,32,0,89.802171,2024,254558.4337821855,-7.819948351921447,2948375,86338.5538753332,11.366043102027938,0.5324597386638786,83.79858879548735
인천,2022,1-3. 경제적 여건,309175.0,34,2,94.590336,2024,326856.85776610416,28.40150409071942,2967314,110152.43340142102,11.609629521980033,0.7083237333749525,86.8524858428892
인천,2023,1-3. 경제적 여건,431707.0,22,0,97.706583,2024,441840.239157683,35.17851275247219,2997410,147407.34139062825,11.900961847303295,0.9186592132013367,90.50498391027898
인천,2024,1-3. 경제적 여건,568484.0,26,0,100.0,2024,568484.0,28.662794743129005,3021010,188176.80179807416,12.145142549113393,1.0949522662382125,93.5663316013244
인천,2016,2-1. 돌봄 여건,494060.2,51,0,83.786765,2024,589663.7732701579,,2943069,200356.76135019527,12.207859854271756,-0.6459106181426922,40.55850707483248
인천,2017,2-1. 돌봄 여건,524692.0,39,0,85.339636,2024,614828.0266862165,4.267559676678578,2948542,208519.3382648836,12.24779186109866,-0.578869611596945,41.4054892473872
인천,2018,2-1. 돌봄 여건,689330.0,76,0,86.797969,2024,794177.5688322847,29.170684217621236,2954642,268789.7785357023,12.501688580999891,-0.15260774765841345,46.79079323069657
인천,2019,2-1. 돌봄 여건,943795.0,82,0,87.068452,2024,1083968.9673132123,36.4894967893668,2957026,366574.04003658146,12.811958527063256,0.36829794023123963,53.37180765690193
인천,2020,2-1. 돌봄 여건,1275456.0,90,0,87.535014,2024,1457080.9344932532,34.42090857129034,2942828,495129.4926150129,13.11257662825327,0.872999348728232,59.748100577989156
인천,2021,2-1. 돌봄 여건,1203811.0,91,0,89.802171,2024,1340514.362397764,-8.000006680207427,2948375,454662.09773104306,13.027311979121473,0.7298503223007791,57.939585466870085
인천,2022,2-1. 돌봄 여건,1086093.5,106,0,94.590336,2024,1148207.6773678022,-14.345738503389471,2967314,386951.8619761179,12.866058160913965,0.4591246778612744,54.519293822871866
인천,2023,2-1. 돌봄 여건,1334732.0,94,0,97.706583,2024,1366061.486358601,18.97338027648583,2997410,455747.2906137635,13.029695941823539,0.733852707149775,57.99015076696727
인천,2024,2-1. 돌봄 여건,1279411.0,88,0,100.0,2024,1279411.0,-6.343088303409983,3021010,423504.39091562096,12.956321522427988,0.6106659373911033,56.43383466647731
인천,2016,2-2. 여가 인프라,5075.0,7,0,83.786765,2024,6057.042541265318,,2943069,2058.0701781933476,7.630009790076556,-0.20288417433272152,67.2281936158734
인천,2017,2-2. 여가 인프라,5935.0,7,0,85.339636,2024,6954.564465215202,14.817824339770812,2948542,2358.6452101463037,7.766266552034495,-0.11129230357946837,68.42875511270059
인천,2018,2-2. 여가 인프라,4439.0,10,0,86.797969,2024,5114.174964163044,-26.463044670263315,2954642,1730.8949660104486,7.456971444102474,-0.3192006462059285,65.70354872731168
인천,2019,2-2. 여가 인프라,7725.0,9,0,87.068452,2024,8872.329555141281,73.4850609788098,2957026,3000.423247932646,8.006841871128115,0.05042255898014068,70.54846984127946
인천,2020,2-2. 여가 인프라,4910.0,7,0,87.535014,2024,5609.184000358988,-36.77890383243696,2942828,1906.0522736493563,7.553314016682181,-0.2544391156297036,66.5524253737432
인천,2021,2-2. 여가 인프라,9802.0,8,0,89.802171,2024,10915.103600335007,94.59343105229638,2948375,3702.0743970271783,8.216918671726422,0.19163630053813138,72.39946141447435
인천,2022,2-2. 여가 인프라,11488.0,8,0,94.590336,2024,12145.0039039929,11.26787567660048,2967314,4092.928454485403,8.317260290368827,0.2590859920896185,73.28357374872
인천,2023,2-2. 여가 인프라,11759.0,7,0,97.706583,2024,12035.013034894486,-0.9056470460437782,2997410,4015.1374135985684,8.2980758773197,0.24619021902688398,73.11453943941268
인천,2024,2-2. 여가 인프라,13184.0,7,0,100.0,2024,13184.0,9.54703548533038,3021010,4364.103395884158,8.381397155480938,0.3021988282927913,73.84868515805003
인천,2016,2-3. 가사수행 격차,0.0,0,0,83.786765,2024,0.0,,2943069,0.0,0.0,-0.931640529002546,0.0
인천,2017,2-3. 가사수행 격차,0.0,0,0,85.339636,2024,0.0,,2948542,0.0,0.0,-0.931640529002546,0.0
인천,2018,2-3. 가사수행 격차,5.0,1,0,86.797969,2024,5.760503451411404,inf,2954642,1.9496451520730447,1.0816848756837487,-0.25731197734939903,16.427168332187534
인천,2019,2-3. 가사수행 격차,15.0,2,0,87.068452,2024,17.22782437891511,199.06803327570356,2957026,5.826064559092517,1.9207483082617236,0.26576497598025767,29.169730013683516
인천,2020,2-3. 가사수행 격차,47.0,2,0,87.535014,2024,53.69280000343634,211.66326532298646,2942828,18.245306896439867,2.9572672334227907,0.9119368151890844,44.91097891702599
인천,2021,2-3. 가사수행 격차,232.0,2,0,89.802171,2024,258.3456473452073,381.1551033447188,2948375,87.62306265153084,4.4843921245460034,1.8639552257022611,68.10288833047427
인천,2022,2-3. 가사수행 격차,232.0,2,0,94.590336,2024,245.2681846906644,-5.062002317023162,2967314,82.65663313375815,4.4267207205682855,1.8280025418935728,67.22705297177362
인천,2023,2-3. 가사수행 격차,198.0,2,0,97.706583,2024,202.64755344069295,-17.377154441667674,2997410,67.60755233374577,4.22840262100078,1.7043699018759086,64.21526564059211
인천,2024,2-3. 가사수행 격차,197.0,3,0,100.0,2024,197.0,-2.7868845909091,3021010,65.20997944396079,4.192831198469418,1.6821944731766278,63.675054938867476
인천,2016,3-1. 의료서비스 여건,6818.0,16,0,83.786765,2024,8137.323358886096,,2943069,2764.9108324969943,7.9251252747191785,-0.8594255433170549,28.360515764511273
인천,2017,3-1. 의료서비스 여건,17677.0,17,0,85.339636,2024,20713.704473733636,154.55181710474756,2948542,7025.066786816547,8.857382338447623,0.03415663705522288,42.91167794395045
인천,2018,3-1. 의료서비스 여건,9401.0,27,0,86.797969,2024,10830.898589343722,-47.711436150505925,2954642,3665.722814927738,8.207053576157262,-0.5891930976650487,32.76100206470878
인천,2019,3-1. 의료서비스 여건,4148.0,30,0,87.068452,2024,4764.067701582659,-56.0141048105656,2957026,1611.1010527410508,7.385293608906397,-1.3768621772018657,19.934537110702202
인천,2020,3-1. 의료서비스 여건,8261.0,35,0,87.535014,2024,9437.36640060399,98.09471635906493,2942828,3206.903835563611,8.073372992091844,-0.7173279141553335,30.67444468192163
인천,2021,3-1. 의료서비스 여건,11803.0,36,0,89.802171,2024,13143.33480868742,39.26909532564346,2948375,4457.823312396632,8.402640178903306,-0.40172044689806496,35.813821386131735
인천,2022,3-1. 의료서비스 여건,707913.0,38,2,94.590336,2024,748398.8639177686,5594.132233648156,2967314,252214.24625697467,12.43803815372688,3.4662681812504226,98.80045101315338
인천,2023,3-1. 의료서비스 여건,797657.0,37,0,97.706583,2024,816379.9976507212,9.083543149314854,2997410,272361.80490847805,12.514890298076985,3.539932097981715,100.0
인천,2024,3-1. 의료서비스 여건,792974.0,36,0,100.0,2024,792974.0,-2.867046928890482,3021010,262486.3870030222,12.477958310347104,3.504532241648996,99.42354596819327
인천,2016,3-2. 산후조리 여건,3258.0,3,0,83.786765,2024,3888.442285604415,,2943069,1321.2202247396901,7.187067591061186,-0.766791294414785,73.45316370800015
인천,2017,3-2. 산후조리 여건,406.0,3,0,85.339636,2024,475.746111689532,-87.7651234930035,2948542,161.34961336468396,5.089752117053465,-2.7877705840610987,52.01821059148653
인천,2018,3-2. 산후조리 여건,1380.0,5,0,86.797969,2024,1589.8989525895474,234.19063519894885,2954642,538.1020619721602,6.289904907292008,-1.6312998654006772,64.28399469036523
인천,2019,3-2. 산후조리 여건,7582.0,6,0,87.068452,2024,8708.090962728957,447.713485095745,2957026,2944.881432469297,7.9881633492572135,0.0051469077308229985,81.64051092952099
인천,2020,3-2. 산후조리 여건,11298.0,6,0,87.535014,2024,12906.835200826037,48.21658680493699,2942828,4385.861219488885,8.386369266175038,0.38885928723648294,85.71024925245509
인천,2021,3-2. 산후조리 여건,12159.0,7,0,89.802171,2024,13539.761750303342,4.903809025444117,2948375,4592.2793912929465,8.432349512280426,0.4331659860919785,86.18017589523689
인천,2022,3-2. 산후조리 여건,11570.0,6,0,94.590336,2024,12231.693520995634,-9.660939781886501,2967314,4122.143298955093,8.324371088094944,0.3291176625507861,85.07661637417537
인천,2023,3-2. 산후조리 여건,11359.0,5,0,97.706583,2024,11625.624038044602,-4.954910633680587,2997410,3878.556499793022,8.263476121907043,0.2704390960524937,84.45425852603768
인천,2024,3-2. 산후조리 여건,10399.0,5,0,100.0,2024,10399.0,-10.551038241306454,3021010,3442.226275318519,8.144164181573608,0.15546976339381394,83.23486836800843
인천,2016,3-3. 아동안전 수준,176.0,2,0,83.786765,2024,210.05704182516178,,2943069,71.37346824867572,4.281839771574906,-0.7801390677762826,43.87943014608349
인천,2017,3-3. 아동안전 수준,295.0,2,0,85.339636,2024,345.67759346899487,64.56367778268299,2948542,117.23678803591567,4.772689292046718,-0.5665514033852498,48.90955700621574
인천,2018,3-3. 아동안전 수준,805.0,5,0,86.797969,2024,927.441055677236,168.296549501529,2954642,313.89286948376014,5.752232484102622,-0.1403141680707414,58.947718022007216
인천,2019,3-3. 아동안전 수준,9424.0,7,0,87.068452,2024,10823.667796459733,1067.046437097404,2957026,3660.3221603258585,8.20557960715246,0.9272323204110914,84.08912439237332
인천,2020,3-3. 아동안전 수준,8991.0,8,0,87.535014,2024,10271.318400657365,-5.103162866685851,2942828,3490.288389487039,8.158026113113587,0.9065399507503595,83.60180577906765
인천,2021,3-3. 아동안전 수준,8823.0,10,0,89.802171,2024,9824.929510891223,-4.3459746096233705,2948375,3332.320180062313,8.111724137318982,0.8863921652189527,83.12731247224366
인천,2022,3-3. 아동안전 수준,11601.0,8,0,94.590336,2024,12264.466424984474,24.830070397848168,2967314,4133.187935279001,8.327046200088661,0.9800871461871092,85.33388953169715
인천,2023,3-3. 아동안전 수준,12997.0,7,0,97.706583,2024,13302.07198014488,8.460258434452994,2997410,4437.8553418267375,8.398151816293739,1.011027957692292,86.06256554147632
인천,2024,3-3. 아동안전 수준,20164.0,7,0,100.0,2024,20164.0,51.58540737185504,3021010,6674.588961969673,8.806212713379006,1.188591081017696,90.2442912912036
인천,2016,4-1. 일·가정 양립 여건,0.0,1,0,83.786765,2024,0.0,,2943069,0.0,0.0,-3.177458244964427,0.0
인천,2017,4-1. 일·가정 양립 여건,0.0,0,0,85.339636,2024,0.0,,2948542,0.0,0.0,-3.177458244964427,0.0
인천,2018,4-1. 일·가정 양립 여건,304.0,9,2,86.797969,2024,350.23860984581336,inf,2954642,118.53842524604109,4.783637869861463,-0.6288965470166681,43.36416352598108
인천,2019,4-1. 일·가정 양립 여건,1530.0,12,0,87.068452,2024,1757.238086649341,401.72597687700267,2957026,594.2585850274368,6.388995907820611,0.2263843330039878,57.91689731764343
인천,2020,4-1. 일·가정 양립 여건,764.0,5,0,87.535014,2024,872.7936000558587,-50.33151132524789,2942828,296.5832865719161,5.695694140669217,-0.14298357839535672,51.632046327349855
인천,2021,4-1. 일·가정 양립 여건,1272.0,7,0,89.802171,2024,1416.4468250995847,62.288864745219506,2948375,480.4161021239105,6.17673197332284,0.11329723317877102,55.99270317572858
인천,2022,4-1. 일·가정 양립 여건,1385.0,6,0,94.590336,2024,1464.2087749852165,3.371955024310491,2967314,493.44584866489237,6.203437637816445,0.12752511486593887,56.234792738876095
인천,2023,4-1. 일·가정 양립 여건,2677.0,2,0,97.706583,2024,2739.8358614178537,87.120573802429,2997410,914.0677656436236,6.8189981233458585,0.4554750807432309,61.8149111092081
인천,2024,4-1. 일·가정 양립 여건,2315.0,6,0,100.0,2024,2315.0,-15.505887319760935,3021010,766.3000122475596,6.642877875145511,0.3616441238423363,60.21836315742565
인천,2016,4-2. 사회적 가치관,31.0,7,0,83.786765,2024,36.99868350329554,,2943069,12.571463157437199,2.6079692909847214,-1.9925406460364774,27.646661952184648
인천,2017,4-2. 사회적 가치관,66.0,7,0,85.339636,2024,77.33803786085987,109.02916141319254,2948542,26.229247492781134,3.304291671077262,-1.4722518474081738,35.028263230507314
인천,2018,4-2. 사회적 가치관,88.0,15,1,86.797969,2024,101.38486074484071,31.093138058718097,2954642,34.31375467648558,3.5642725389369994,-1.2779953689834678,37.78427849211335
인천,2019,4-2. 사회적 가치관,138.0,18,0,87.068452,2024,158.49598428601902,56.33101739411779,2957026,53.599793943651164,4.000030108817935,-0.9523993677513803,42.40367423011105
인천,2020,4-2. 사회적 가치관,92.0,11,0,87.535014,2024,105.10080000672644,-33.68866695255609,2942828,35.714217754733355,3.6031640847998023,-1.2489357893228714,38.19656149904278
인천,2021,4-2. 사회적 가치관,87.0,11,0,89.802171,2024,96.87961775445272,-7.8221880820579575,2948375,32.858648494324065,3.522194461387535,-1.309435910093018,37.33821557656092
인천,2022,4-2. 사회적 가치관,88.0,11,1,94.590336,2024,93.03275971025201,-3.9707609643452657,2967314,31.352516016253084,3.476691792768139,-1.343435289500041,36.85584912324745
인천,2023,4-2. 사회적 가치관,93.0,10,0,97.706583,2024,95.1829417675982,2.311209582563034,2997410,31.755062459789684,3.489057529060046,-1.3341956696581285,36.986936299861846
인천,2024,4-2. 사회적 가치관,45.0,10,0,100.0,2024,45.0,-52.722621129032255,3021010,14.895680583645866,2.7660474109136217,-1.8744254203039683,29.322422613484864
전남,2016,1-1. 고용여건,5363.0,1,0,83.786765,2024,6400.772246070128,,1903914,3361.9019798531485,8.12055956467653,-0.3425954665704867,72.69257691426363
전남,2017,1-1. 고용여건,18649.0,2,0,85.339636,2024,21852.682849502664,241.40697418064704,1896424,11523.099712671145,9.352195748776422,0.3611736260946546,83.7177787282519
전남,2018,1-1. 고용여건,996.0,9,0,86.797969,2024,1147.4922875211516,-94.74896379806626,1882970,609.4055070028473,6.414123501887032,-1.3176699042203615,57.41712283309651
전남,2019,1-1. 고용여건,21877.0,12,0,87.068452,2024,25126.207595835058,2089.662437741823,1868745,13445.498233218046,9.506473996724312,0.4493297423065243,85.09882683409097
전남,2020,1-1. 고용여건,33911.0,19,0,87.535014,2024,38739.92640247935,54.18135130309485,1851549,20922.982001815428,9.948651244320729,0.7019941933477424,89.05705204315885
전남,2021,1-1. 고용여건,28971.0,28,0,89.802171,2024,32260.912712232755,-16.724383063959415,1832803,17601.953244420023,9.775821964928147,0.603237834356082,87.50994120858887
전남,2022,1-1. 고용여건,6581.8,31,0,94.590336,2024,6958.2161120560995,-78.43143442926316,1817697,3828.039608392433,8.250369295741482,-0.2684209028234394,73.85459090905104
전남,2023,1-1. 고용여건,34682.0,43,0,97.706583,2024,35496.07297186925,410.1317981539443,1804217,19673.948849761007,9.887101473524208,0.6668240457778478,88.50607874974892
전남,2024,1-1. 고용여건,39105.0,39,0,100.0,2024,39105.0,10.167116320137248,1788819,21860.791952679392,9.992495732418389,0.7270473673330523,89.44953347229207
전남,2016,1-2. 주거안정성,7.5,1,0,83.786765,2024,8.951294395958598,,1903914,4.7015224405926945,1.7407332340178512,-1.614094327797289,14.063220376780823
전남,2017,1-2. 주거안정성,309.0,1,0,85.339636,2024,362.08263180311667,3945.030984195902,1896424,190.92915497964415,5.257126319455238,-0.5456130947042072,42.471829993403524
전남,2018,1-2. 주거안정성,4128.0,7,0,86.797969,2024,4755.871649485255,1213.476878413564,1882970,2525.7288483009584,7.834680799810981,0.23759530168943357,63.29565065817855
전남,2019,1-2. 주거안정성,5334.0,11,0,87.068452,2024,6126.214349142213,28.81370231690914,1868745,3278.2505634220897,8.095370188509554,0.31680764022020586,65.4017357558327
전남,2020,1-2. 주거안정성,3079.0,15,0,87.535014,2024,3517.4496002251167,-42.58363485571434,1851549,1899.7334665326798,7.549995125679385,0.15109151990241335,60.995701823293494
전남,2021,1-2. 주거안정성,5417.0,19,0,89.802171,2024,6032.148153745637,71.49209908678091,1832803,3291.21468796463,8.099315774726636,0.3180065348614113,65.43361177646703
전남,2022,1-2. 주거안정성,9082.0,23,0,94.590336,2024,9601.40367827851,59.17055472711756,1817697,5282.1805164879015,8.572283565894944,0.46172118690463315,69.25467415887856
전남,2023,1-2. 주거안정성,6828.0,24,0,97.706583,2024,6988.270176227532,-27.216161194875433,1804217,3873.2980435432837,8.262119775324448,0.367475696893278,66.74889001318111
전남,2024,1-2. 주거안정성,8448.0,18,0,100.0,2024,8448.0,20.888285469244284,1788819,4722.668978806688,8.46034110263657,0.4277066674036349,68.35030150742489
전남,2016,1-3. 경제적 여건,22531.0,28,1,83.786765,2024,26890.88187137909,,1903914,14124.000281199198,9.55570157592255,-0.7745667065494809,61.1019350064564
전남,2017,1-3. 경제적 여건,38008.0,32,1,85.339636,2024,44537.335500235786,65.62244300228188,1896424,23484.903956201666,10.064155688510281,-0.4074741100716553,67.47653714345721
전남,2018,1-3. 경제적 여건,30641.0,29,1,86.797969,2024,35301.51725093937,-20.73724919904003,1882970,18747.785281199045,9.8388842442972,-0.5701150983559639,64.65225901464535
전남,2019,1-3. 경제적 여건,45435.0,47,0,87.068452,2024,52183.08004373387,47.82106863224212,1868745,27924.130924087487,10.237282312344941,-0.2824805260106367,69.64706407783761
전남,2020,1-3. 경제적 여건,36117.0,46,0,87.535014,2024,41260.06080264064,-20.932109089648996,1851549,22284.077171406556,10.011672548305176,-0.44536577370900554,66.8185443582179
전남,2021,1-3. 경제적 여건,60084.5,56,0,89.802171,2024,66907.625206522,62.16075280780953,1832803,36505.62837714801,10.50524912245733,-0.08901443013543762,73.00662349155557
전남,2022,1-3. 경제적 여건,75822.0,57,1,94.590336,2024,80158.29439489463,19.804423109432044,1817697,44098.82086777644,10.694210999471505,0.04741185564170381,75.37568051205199
전남,2023,1-3. 경제적 여건,57092.0,57,0,97.706583,2024,58432.09152038405,-27.104123208358022,1804217,32386.398931161853,10.38552470425297,-0.17545280569848726,71.50561186977426
전남,2024,1-3. 경제적 여건,51371.0,44,0,100.0,2024,51371.0,-12.084269682389825,1788819,28717.830031993177,10.265308285284792,-0.26224639490498663,69.99843192514375
전남,2016,2-1. 돌봄 여건,946694.0,81,3,83.786765,2024,1129884.8929183504,,1903914,593453.7447165946,13.293716238593973,1.1771108314089214,63.59018197818359
전남,2017,2-1. 돌봄 여건,89551.0,72,0,85.339636,2024,104934.82770421004,-90.7127860225499,1896424,55332.99921547609,10.921142812612791,-2.8061528014697887,13.266455359734739
전남,2018,2-1. 돌봄 여건,317129.0,68,0,86.797969,2024,365364.53980852943,248.18234117505565,1882970,194036.3042472952,12.175805709494636,-0.6997256477538121,39.878619151833895
전남,2019,2-1. 돌봄 여건,119384.0,98,0,87.068452,2024,137115.1057101601,-62.47169859942736,1868745,73372.8281334051,11.203322586078228,-2.3324071136565667,19.25166012584557
전남,2020,2-1. 돌봄 여건,117428.0,87,0,87.535014,2024,134149.74720858558,-2.1626782010749634,1851549,72452.71240922362,11.190703187419127,-2.3535935566964943,18.983994998496687
전남,2021,2-1. 돌봄 여건,128578.68,92,0,89.802171,2024,143179.92379048385,6.731415280162634,1832803,78120.73844842236,11.266023638307043,-2.2271396355876916,20.581587611544816
전남,2022,2-1. 돌봄 여건,368603.9,101,0,94.590336,2024,389684.5233745655,172.16422041458378,1817697,214383.65325715207,12.275527125659503,-0.5323054591607416,41.99377109197247
전남,2023,2-1. 돌봄 여건,536687.0,119,0,97.706583,2024,549284.3813809352,40.95617055157255,1804217,304444.7432769646,12.626248167257138,0.05651272238972631,49.432777878199964
전남,2024,2-1. 돌봄 여건,402666.0,94,0,100.0,2024,402666.0,-26.692617949982022,1788819,225101.58937265314,12.324311530039028,-0.45040234851781236,43.02851800532618
전남,2016,2-2. 여가 인프라,9600.0,10,0,83.786765,2024,11457.656826827006,,1903914,6017.948723958648,8.70266789248152,0.518157195402991,76.67940908952912
전남,2017,2-2. 여가 인프라,4072.0,10,0,85.339636,2024,4771.522578324567,-58.35516239976306,1896424,2516.0631685343396,7.830848091576194,-0.06788055697877242,68.99778455876593
전남,2018,2-2. 여가 인프라,8287.0,15,0,86.797969,2024,9547.458420369261,100.0924917287445,1882970,5070.425137080921,8.531377149212654,0.403015463034849,75.17016236902516
전남,2019,2-2. 여가 인프라,6235.0,8,0,87.068452,2024,7161.03233350238,-24.995406963758025,1868745,3832.0007992007363,8.251403273885813,0.21481686918349047,72.70330604567694
전남,2020,2-2. 여가 인프라,1190.0,10,0,87.535014,2024,1359.4560000870051,-81.01592149323378,1851549,734.2263154186063,6.600178363951782,-0.8951374285849812,58.154324982405676
전남,2021,2-2. 여가 인프라,1376.0,11,0,89.802171,2024,1532.2569428750223,12.711036089212001,1832803,836.0183516040853,6.729845995702026,-0.8079747748018619,59.29682949981203
전남,2022,2-2. 여가 인프라,6933.4,17,1,94.590336,2024,7329.924274716605,378.3743554761276,1817697,4032.533626185555,8.302398101068585,0.24909562022155401,73.15262265333189
전남,2023,2-2. 여가 인프라,13535.0,18,0,97.706583,2024,13852.700180907974,88.98831231709494,1804217,7677.956798382886,8.946238983371611,0.6818858174211828,78.82551963304184
전남,2024,2-2. 여가 인프라,9882.0,15,0,100.0,2024,9882.0,-28.663727136608784,1788819,5524.315204612652,8.617095575367255,0.46063543650778443,75.92542941435246
전남,2016,2-3. 가사수행 격차,13.0,1,0,83.786765,2024,15.515576952994902,,1903914,8.149305563694002,2.213677981729032,0.4483790134748442,33.61835009122548
전남,2017,2-3. 가사수행 격차,13.0,1,0,85.339636,2024,15.23324988168452,-1.81963630592471,1896424,8.032618170664641,2.200842266784374,0.44037715520480725,33.42341859611089
전남,2018,2-3. 가사수행 격차,32.0,4,0,86.797969,2024,36.867222089032985,142.0181010314796,1882970,19.579293397681845,3.024285395398672,0.9537163215088758,45.92876020697488
전남,2019,2-3. 가사수행 격차,24.0,5,0,87.068452,2024,27.564519006264177,-25.2329916810741,1868745,14.750283749930663,2.7568583809779716,0.7870007878436348,41.8674400561442
전남,2020,2-3. 가사수행 격차,85.0,5,0,87.535014,2024,97.10400000621466,252.27895681454586,1851549,52.444736815614746,3.9786481633170165,1.5486715413784942,60.422332402534245
전남,2021,2-3. 가사수행 격차,44.0,3,0,89.802171,2024,48.996588289608276,-49.542152448434166,1832803,26.733144964084126,3.322628266975558,1.1397049777330954,50.459588623156414
전남,2022,2-3. 가사수행 격차,23.0,3,0,94.590336,2024,24.315380378815867,-50.37331939298938,1817697,13.377026192382926,2.665631529264137,0.7301294455784664,40.48200989694798
전남,2023,2-3. 가사수행 격차,18.0,1,0,97.706583,2024,18.422504858244814,-24.23517719552134,1804217,10.210803278233612,2.4168778918079417,0.5750550021475584,36.70427576421007
전남,2024,2-3. 가사수행 격차,0.0,0,0,100.0,2024,0.0,-100.0,1788819,0.0,0.0,-0.931640529002546,0.0
전남,2016,3-1. 의료서비스 여건,15088.2,130,2,83.786765,2024,18007.85601401367,,1903914,9458.334785086758,9.15475734087226,0.3191949740049789,47.55326453712264
전남,2017,3-1. 의료서비스 여건,141389.0,126,1,85.339636,2024,165677.99750165327,820.0317759800114,1896424,87363.37311785406,11.377842848309337,2.4500553044645197,82.25236097314652
전남,2018,3-1. 의료서비스 여건,113169.0,66,1,86.797969,2024,130382.08301855544,-21.303923885696186,1882970,69242.78295382053,11.145388643179267,2.227244511670851,78.62409258050761
전남,2019,3-1. 의료서비스 여건,7393.0,81,0,87.068452,2024,8491.020375554626,-93.48758650040419,1868745,4543.70199013489,8.42171743573466,-0.3834346141399786,36.11158931827443
전남,2020,3-1. 의료서비스 여건,8992.0,75,0,87.535014,2024,10272.460800657438,20.980286777211376,1851549,5548.036158188327,8.621379526467642,-0.19205554787544485,39.228021015474
전남,2021,3-1. 의료서비스 여건,6214.889999999999,84,0,89.802171,2024,6920.645604436444,-32.62913591265764,1832803,3775.989893314472,8.236682646858856,-0.5607931952882866,33.22346829830392
전남,2022,3-1. 의료서비스 여건,5872.1,86,1,94.590336,2024,6207.928048801942,-10.298425845958914,1817697,3415.2711088822516,8.136304916186159,-0.6570067343700967,31.65671949579987
전남,2023,3-1. 의료서비스 여건,5634.0,99,0,97.706583,2024,5766.244020630626,-7.1148380699508245,1804217,3195.981426087121,8.069962339248507,-0.720597075337179,30.621209405309536
전남,2024,3-1. 의료서비스 여건,3391.0,71,0,100.0,2024,3391.0,-41.19222169808307,1788819,1895.6641225300045,7.547851897078786,-1.2210476543258229,22.4718329991863
전남,2016,3-2. 산후조리 여건,6049.0,25,0,83.786765,2024,7219.517306820474,,1903914,3791.9345657526933,8.240895290222586,0.24868014097737826,84.22347823833813
전남,2017,3-2. 산후조리 여건,28737.0,24,0,85.339636,2024,33673.68475768985,366.425708625664,1896424,17756.411413106904,9.784558252156545,1.7361582599945529,100.0
전남,2018,3-2. 산후조리 여건,7145.0,12,0,86.797969,2024,8231.759432066896,-75.55432530980424,1882970,4371.689103951149,8.383133454431245,0.3857412496305798,85.67717865631367
전남,2019,3-2. 산후조리 여건,8924.0,18,0,87.068452,2024,10249.406983829229,24.510526193253025,1868745,5484.647174349218,8.609890355603081,0.6042448589979177,87.9946762410601
전남,2020,3-2. 산후조리 여건,11152.0,22,0,87.535014,2024,12740.044800815363,24.300311431829,1851549,6880.749470208654,8.83662818206339,0.8227300879177593,90.31197887871707
전남,2021,3-2. 산후조리 여건,8700.0,27,0,89.802171,2024,9687.961775445272,-23.956611401984695,1832803,5285.871845171179,8.572982016329632,0.5686798759463478,87.61746616859399
전남,2022,3-2. 산후조리 여건,11844.7,29,0,94.590336,2024,12522.103737954796,29.254264500638616,1817697,6888.994006126872,8.837825494069282,0.823883821248363,90.32421562947309
전남,2023,3-2. 산후조리 여건,3769.0,31,0,97.706583,2024,3857.4678228180387,-69.19473034610022,1804217,2138.02875309236,7.668107151297978,-0.303260175330719,78.36947722814062
전남,2024,3-2. 산후조리 여건,4636.0,22,0,100.0,2024,4636.0,20.182467176439367,1788819,2591.6540466084048,7.860437358438052,-0.11793022844355626,80.33512761504167
전남,2016,3-3. 아동안전 수준,4.0,1,0,83.786765,2024,4.7740236778445855,,1903914,2.5074786349827702,1.254897441737943,-2.0972790781297315,12.859935815623889
전남,2017,3-3. 아동안전 수준,0.0,0,0,85.339636,2024,0.0,-100.0,1896424,0.0,0.0,-2.6433336273395467,0.0
전남,2018,3-3. 아동안전 수준,689.0,3,0,86.797969,2024,793.7973756044914,inf,1882970,421.56666096883725,6.046347211792712,-0.012333442552362427,61.96174641566307
전남,2019,3-3. 아동안전 수준,83.0,4,0,87.068452,2024,95.3272948966636,-87.99097882830992,1868745,51.01139796851021,3.9514628862645553,-0.9238988645351636,40.493794476787045
전남,2020,3-3. 아동안전 수준,38.0,3,0,87.535014,2024,43.411200002778315,-54.46089176259875,1851549,23.445882341098354,3.1964617903310675,-1.2524291247625734,32.756695562166804
전남,2021,3-3. 아동안전 수준,582.25,3,0,89.802171,2024,648.3696257187368,1393.5537964332732,1832803,353.75849216677227,5.8714372542082405,-0.08844354913511358,60.16930445727112
전남,2022,3-3. 아동안전 수준,4554.2,5,0,94.590336,2024,4814.656753095792,642.5790108163385,1817697,2648.767508058709,7.8822271823234855,0.7865291388575835,80.77547397695129
전남,2023,3-3. 아동안전 수준,51.0,3,0,97.706583,2024,52.1970970983603,-98.91587085486836,1804217,28.930609288328565,3.398881678768282,-1.1643483802687404,34.831053741990026
전남,2024,3-3. 아동안전 수준,14.0,1,0,100.0,2024,14.0,-73.17858505882353,1788819,7.826392720560325,2.1777464057287697,-1.6957117003822284,22.31710581989213
전남,2016,4-1. 일·가정 양립 여건,476.0,7,1,83.786765,2024,568.1088176635056,,1903914,298.38995756294963,5.701746929549071,-0.13975885563735974,51.68691547378501
전남,2017,4-1. 일·가정 양립 여건,125.0,4,0,85.339636,2024,146.47355655465884,-74.217341466892,1896424,77.23671317946769,4.359739015379258,-0.8547356288467829,39.521477322651315
전남,2018,4-1. 일·가정 양립 여건,74194.0,8,0,86.797969,2024,85478.95861480355,58257.94571077119,1882970,45395.815448362715,10.72319723726002,2.535501327205606,97.20687292145689
전남,2019,4-1. 일·가정 양립 여건,760.0,8,0,87.068452,2024,872.8764351983656,-98.97884058329274,1868745,467.0923187478043,6.148665538745634,0.09834437886425836,55.738278093456934
전남,2020,4-1. 일·가정 양립 여건,185.0,7,0,87.535014,2024,211.34400001352603,-75.78763826228199,1851549,114.14442718692621,4.746187228976817,-0.6488489914781403,43.02466965966932
전남,2021,4-1. 일·가정 양립 여건,182.6,6,0,89.802171,2024,203.33584140187432,-3.7891582496494713,1832803,110.94255160094912,4.7179858075660235,-0.6638737622468595,42.7690209080304
전남,2022,4-1. 일·가정 양립 여건,199.6,8,2,94.590336,2024,211.0152140700716,3.776694071862985,1817697,116.08932295650574,4.762937087595268,-0.6399252290023113,43.17650883059483
전남,2023,4-1. 일·가정 양립 여건,475.0,10,0,97.706583,2024,486.1494337592381,130.38596335418876,1804217,269.45175317560916,5.600093720735357,-0.19391627338178005,50.76541880328845
전남,2024,4-1. 일·가정 양립 여건,268.0,8,0,100.0,2024,268.0,-44.87291738105264,1788819,149.81951779358337,5.016083875538143,-0.5050571170629767,45.47131019455124
전남,2016,4-2. 사회적 가치관,369.0,17,1,83.786765,2024,440.403684281163,,1903914,231.31490407716055,5.44809379646628,0.1295869907564428,57.75436390120434
전남,2017,4-2. 사회적 가치관,8405.0,21,0,85.339636,2024,9848.881942735261,2136.330506365048,1896424,5193.3965941874085,8.555335745523996,2.451303521694102,90.69373480031871
전남,2018,4-2. 사회적 가치관,249.0,22,1,86.797969,2024,286.8730718802879,-97.08725240541753,1882970,152.35137675071184,5.032731868353099,-0.18076948313029637,53.3511790730514
전남,2019,4-2. 사회적 가치관,495.0,36,0,87.068452,2024,568.5182045041986,98.17761241161078,1868745,304.2246023423199,5.721047906719505,0.3335370147172332,60.64790641365507
전남,2020,4-2. 사회적 가치관,616.0,27,0,87.535014,2024,703.7184000450379,23.78115502189533,1851549,380.07009268727853,5.942983328514057,0.49936611526001207,63.000608035863486
전남,2021,4-2. 사회적 가치관,289.4,27,0,89.802171,2024,322.26392388665073,-54.205556673518004,1832803,175.83118528649874,5.175195522016195,-0.07432131295555587,54.86141329509991
전남,2022,4-2. 사회적 가치관,1224.8,23,0,94.590336,2024,1294.8468646945075,301.7970268213893,1817697,712.3557252361134,6.569980209373031,0.9678552277921342,69.64730087465726
전남,2023,4-2. 사회적 가치관,263.0,19,0,97.706583,2024,269.1732654287992,-79.21196144747935,1804217,149.1911812319689,5.011909024104125,-0.1963282141549735,53.130439458584156
전남,2024,4-2. 사회적 가치관,561.0,8,1,100.0,2024,561.0,108.4159432053232,1788819,313.6147368738816,5.7513488327371185,0.3561777237418863,60.96912164473274
전북,2016,1-1. 고용여건,3900.0,1,0,83.786765,2024,4654.673085898471,,1864791,2496.082985116547,7.82287852365487,-0.5126933565545606,70.02783419573065
전북,2017,1-1. 고용여건,3900.0,1,0,85.339636,2024,4569.974964505356,-1.81963630592471,1854607,2464.120411766674,7.809995933870623,-0.5200545957262258,69.91251349137676
전북,2018,1-1. 고용여건,327.0,3,0,86.797969,2024,376.73692572230584,-91.75625843361523,1836832,205.1014604069974,5.3283685737859,-1.9380810048936308,47.6978020162956
전북,2019,1-1. 고용여건,3307.0,3,0,87.068452,2024,3798.161014738151,908.1732783310415,1818917,2088.1442169918423,7.644509795550803,-0.6146150113079687,68.43113603921381
전북,2020,1-1. 고용여건,1742.0,3,0,87.535014,2024,1990.0608001273638,-47.60462254219203,1804104,1103.0743239454953,7.006762546985387,-0.9790300944849752,62.722232539526445
전북,2021,1-1. 고용여건,64140.4,42,0,89.802171,2024,71424.1084438816,3489.041522716817,1786855,39971.96663628644,10.595958670524425,1.0718720565478341,94.85153510700674
전북,2022,1-1. 고용여건,68859.4,42,0,94.590336,2024,72797.50015900144,1.9228685454280692,1769607,41137.665119431294,10.62470371541342,1.0882972593969455,95.10885128945142
전북,2023,1-1. 고용여건,59234.0,40,0,97.706583,2024,60624.36959851518,-16.72190739228434,1754757,34548.58399112537,10.450150788345479,0.9885559910820436,93.54631092810854
전북,2024,1-1. 고용여건,41860.0,44,0,100.0,2024,41860.0,-30.951859331127395,1738690,24075.597144976964,10.088995574859544,0.7821883313887432,90.31336830571679
전북,2016,1-2. 주거안정성,2231.0,2,0,83.786765,2024,2662.7117063178175,,1864791,1427.887471742312,7.264651428672692,0.0643877931502242,58.69043688337602
전북,2017,1-2. 주거안정성,2300.0,2,0,85.339636,2024,2695.1134406057226,1.216869787706476,1854607,1453.1992171957306,7.282210661910029,0.06972329197693332,58.83229628023146
전북,2018,1-2. 주거안정성,2914.0,3,0,86.797969,2024,3357.221411482566,24.566979664055832,1836832,1827.7237175106739,7.511373580398208,0.13935608665494978,60.68368198477558
전북,2019,1-2. 주거안정성,5467.0,4,0,87.068452,2024,6278.967725301927,87.02870486367782,1818917,3452.036417990446,8.147009244102533,0.3324985372431379,65.8189228380697
전북,2020,1-2. 주거안정성,103446.0,6,0,87.535014,2024,118176.71040756331,1782.1041224874384,1804104,65504.37802231097,11.089887525463585,1.226713188026524,89.59416019439749
전북,2021,1-2. 주거안정성,4242.0,8,0,89.802171,2024,4723.716534648143,-96.00283633013885,1786855,2643.5925324932036,7.880272280437727,0.2514485997295035,63.66397995001253
전북,2022,1-2. 주거안정성,13449.0,14,0,94.590336,2024,14218.154378899766,200.99508034850436,1769607,8034.639543638654,8.991641869732018,0.5891462121236,72.64263052602476
전북,2023,1-2. 주거안정성,27928.0,16,0,97.706583,2024,28583.539760058953,101.03551416263925,1754757,16289.172666106448,9.698317301055353,0.8038746050851119,78.35179499266627
전북,2024,1-2. 주거안정성,26060.0,18,0,100.0,2024,26060.0,-8.828646770982528,1738690,14988.295785907781,9.615091611067667,0.7785858828909594,77.67942245652243
전북,2016,1-3. 경제적 여건,15603.0,24,2,83.786765,2024,18622.272861352267,,1864791,9986.252004300894,9.209064759158075,-1.024830803054204,56.756072246759054
전북,2017,1-3. 경제적 여건,17367.0,24,0,85.339636,2024,20350.450053478082,9.280162550471417,1854607,10972.917741320982,9.303276621811802,-0.9568119269661444,57.937227293272045
전북,2018,1-3. 경제적 여건,19789.0,26,1,86.797969,2024,22798.920559996055,12.031530015718284,1836832,12412.088073376366,9.426506684743847,-0.8678425536324893,59.48218996160686
전북,2019,1-3. 경제적 여건,116769.0,32,0,87.068452,2024,134111.72166010257,488.23715494417155,1818917,73731.63352703975,11.208200768873402,0.4185010736096774,81.81968440799952
전북,2020,1-3. 경제적 여건,130195.0,41,0,87.535014,2024,148734.76800951903,10.903630322842028,1804104,82442.45786801595,11.319867978181245,0.4991223229838297,83.2196810123418
전북,2021,1-3. 경제적 여건,144098.5,44,0,89.802171,2024,160462.15631022994,7.88476592101206,1786855,89801.44237234132,11.405367451830694,0.5608510473710242,84.29160690288944
전북,2022,1-3. 경제적 여건,203208.3,51,0,94.590336,2024,214829.87437532732,33.881956540572354,1769607,121399.76524467145,11.706852461085786,0.7785165399035425,88.0713914236403
전북,2023,1-3. 경제적 여건,259056.0,30,0,97.706583,2024,265136.68991985935,23.417048346191116,1754757,151095.9579701687,11.925677015498067,0.9365030166840742,90.81484346316743
전북,2024,1-3. 경제적 여건,302911.0,49,0,100.0,2024,302911.0,14.247107818822947,1738690,174217.9456947472,12.068068095780397,1.0393062197304532,92.60003206167833
전북,2016,2-1. 돌봄 여건,570128.0,54,0,83.786765,2024,680451.1428505444,,1864791,364894.05131757096,12.807365060582978,0.3605860659518702,53.27437743668064
전북,2017,2-1. 돌봄 여건,597104.4,85,0,85.339636,2024,699680.0408194852,2.8259042799733125,1854607,377265.933332229,12.840708261857937,0.41656526541010247,53.98160703268401
전북,2018,2-1. 돌봄 여건,585952.0,99,4,86.797969,2024,675075.703672283,-3.5165126503229893,1836832,367521.7459584126,12.814540489484076,0.37263274264438606,53.42657265156198
전북,2019,2-1. 돌봄 여건,578414.0,90,0,87.068452,2024,664320.9873537202,-1.5931126331549361,1818917,365228.86275389156,12.80828219531797,0.3621258241723493,53.293830422696004
전북,2020,2-1. 돌봄 여건,468384.0,98,0,87.535014,2024,535081.8816342453,-19.454316238643997,1804104,296591.4834367893,12.600114365939994,0.012637232916768342,48.87846404387008
전북,2021,2-1. 돌봄 여건,421123.4,89,0,89.802171,2024,468945.67838454596,-12.360015451785877,1786855,262441.93198919104,12.477788935432647,-0.19273236002412988,46.28386719981666
전북,2022,2-1. 돌봄 여건,599679.4,100,0,94.590336,2024,633975.3354930467,35.191636199102085,1769607,358257.70099973987,12.789010632903478,0.3297712032894777,52.88506885273271
전북,2023,2-1. 돌봄 여건,548536.0,104,0,97.706583,2024,561411.506940121,-11.445844103145175,1754757,319936.8955018393,12.675882179383866,0.13984222161333518,50.485545489052406
전북,2024,2-1. 돌봄 여건,578772.0,103,0,100.0,2024,578772.0,3.0922937711945986,1738690,332878.2014045057,12.715534944604755,0.2064144152988173,51.3266047771612
전북,2016,2-2. 여가 인프라,2294.0,6,2,83.786765,2024,2737.9025792438697,,1864791,1468.2088122711177,7.292479311934002,-0.42977234843199835,64.25420472724338
전북,2017,2-2. 여가 인프라,11278.0,2,0,85.339636,2024,13215.430166587541,382.68445585953845,1854607,7125.730770231937,8.871607890758023,0.6317187556870436,78.16794334126357
전북,2018,2-2. 여가 인프라,19347.2,16,0,86.797969,2024,22289.922475029343,68.66588672523702,1836832,12134.981574269907,9.403930002756773,0.9895459738058693,82.8582458436282
전북,2019,2-2. 여가 인프라,1587.0,14,0,87.068452,2024,1822.7038192892187,-91.82274491384555,1818917,1002.0819087892513,6.910832448425487,-0.6863155811755364,60.89150534169202
전북,2020,2-2. 여가 인프라,785.0,14,0,87.535014,2024,896.7840000573942,-50.79924721905154,1804104,497.0799909857715,6.210760688595345,-1.1569042053508147,54.723156793033894
전북,2021,2-2. 여가 인프라,1060.0,11,0,89.802171,2024,1180.3723542496539,31.6228159929381,1786855,660.5865357008005,6.494640792385104,-0.9660798425661041,57.224430986167086
전북,2022,2-2. 여가 인프라,4889.6,18,0,94.590336,2024,5169.238430446003,337.93286176479586,1769607,2921.122277684256,7.980065438691834,0.03242342628613052,70.31254207267949
전북,2023,2-2. 여가 인프라,2000.0,15,0,97.706583,2024,2046.9449842494237,-60.40142060011705,1754757,1166.511935412951,7.062630212542576,-0.5842770401750019,62.22899896978577
전북,2024,2-2. 여가 인프라,3331.0,17,0,100.0,2024,3331.0,62.73031398649999,1738690,1915.8101789278135,7.558417718282559,-0.25100840459101564,66.59739420717696
전북,2016,2-3. 가사수행 격차,0.0,0,0,83.786765,2024,0.0,,1864791,0.0,0.0,-0.931640529002546,0.0
전북,2017,2-3. 가사수행 격차,5.0,1,0,85.339636,2024,5.858942262186354,inf,1854607,3.1591287330341977,1.4253056131632535,-0.04309683999151429,21.645615796785894
전북,2018,2-3. 가사수행 격차,15.0,1,0,86.797969,2024,17.28151035423421,194.95956063211568,1836832,9.408323871880613,2.342605858316436,0.5287533907461766,35.576332475026504
전북,2019,2-3. 가사수행 격차,20.0,1,0,87.068452,2024,22.970432505220145,32.91912590031269,1818917,12.628631490727804,2.61217283646568,0.6968029900659336,39.67015150347286
전북,2020,2-3. 가사수행 격차,40.0,2,0,87.535014,2024,45.69600000292454,98.93399914233176,1804104,25.328916738128477,3.2706678309272923,1.1073125440665483,49.67048372877654
전북,2021,2-3. 가사수행 격차,30.0,2,0,89.802171,2024,33.40676474291473,-26.893459513356312,1786855,18.695845350022655,2.980407717564331,0.9263627256427679,45.26240532302164
전북,2022,2-3. 가사수행 격차,30.0,2,0,94.590336,2024,31.715713537585913,-5.062002317023162,1769607,17.922461618645222,2.9403496618543126,0.9013903041028041,44.654057698864776
전북,2023,2-3. 가사수행 격차,20.0,1,0,97.706583,2024,20.469449842494235,-35.459595388777444,1754757,11.665119354129509,2.53885170734366,0.651094177899015,38.556649265002406
전북,2024,2-3. 가사수행 격차,19.0,1,0,100.0,2024,19.0,-7.178746149999993,1738690,10.927767457108512,2.4788690817248207,0.6137006652714699,37.6457141949115
전북,2016,3-1. 의료서비스 여건,30823.0,27,0,83.786765,2024,36787.43295555092,,1864791,19727.37585903778,9.88981327728254,1.0237569579347805,59.02640704020923
전북,2017,3-1. 의료서비스 여건,32703.0,27,0,85.339636,2024,38320.99776005607,4.168719264424103,1854607,20662.597391283474,9.93612885100493,1.0681511201914067,59.749325053801854
전북,2018,3-1. 의료서비스 여건,32308.0,33,0,86.797969,2024,37222.06910163993,-2.867693229954482,1836832,20264.27517684793,9.9166641178919,1.0494938856879275,59.44550918656193
전북,2019,3-1. 의료서비스 여건,36294.0,31,0,87.068452,2024,41684.443867223,11.988518836494432,1818917,22917.17756622375,10.039685654849901,1.167411847916102,61.365694514716424
전북,2020,3-1. 의료서비스 여건,36351.0,34,0,87.535014,2024,41527.38240265775,-0.37678675782634174,1804104,23018.28630869271,10.044087678697645,1.171631252864546,61.434403635213826
전북,2021,3-1. 의료서비스 여건,22859.0,35,0,89.802171,2024,25454.841175276262,-38.70347779578047,1786855,14245.610961872262,9.56427433017438,0.7117230635606208,53.94522267658552
전북,2022,3-1. 의료서비스 여건,39596.0,39,0,94.590336,2024,41860.513107808394,64.45010526511005,1769607,23655.259675062538,10.071383038605246,1.1977942589379278,61.86044407428887
전북,2023,3-1. 의료서비스 여건,39465.0,40,0,97.706583,2024,40391.34190170175,-3.5096827464176306,1754757,23018.196765536057,10.044083788771188,1.1716275243125185,61.434342919180736
전북,2024,3-1. 의료서비스 여건,43303.0,42,0,100.0,2024,43303.0,7.208619375370584,1738690,24905.532326061577,10.122885390459157,1.2471600247277412,62.66432006901889
전북,2016,3-2. 산후조리 여건,2785.0,4,0,83.786765,2024,3323.9139856992924,,1864791,1782.4592598845086,7.486310161748311,-0.478440283117675,76.51147827852428
전북,2017,3-2. 산후조리 여건,3237.0,4,0,85.339636,2024,3793.0792205394455,14.114842828625385,1854607,2045.2199417663394,7.623749439153552,-0.3460033957431801,77.91613318335813
전북,2018,3-2. 산후조리 여건,3588.0,7,0,86.797969,2024,4133.737276732823,8.981042482548784,1836832,2250.471070153843,7.719339090515768,-0.25389292972044236,78.89307714852025
전북,2019,3-2. 산후조리 여건,6270.0,10,0,87.068452,2024,7201.230590386516,74.20629586015065,1818917,3959.075972343167,8.28401848899964,0.29023378071913525,84.66420532755087
전북,2020,3-2. 산후조리 여건,7199.0,13,0,87.535014,2024,8224.137600526345,14.204614021183914,1804104,4558.571789944673,8.424983992385126,0.4260685497022898,86.10489891588345
전북,2021,3-2. 산후조리 여건,7603.4,14,0,89.802171,2024,8466.833168209261,2.951015406981816,1786855,4738.399684478741,8.463665757824332,0.463342411364221,86.50023373266663
전북,2022,3-2. 산후조리 여건,7279.8,16,0,94.590336,2024,7696.135047030598,-9.102554708086519,1769607,4349.06453638045,8.377945959922206,0.3807425648366851,85.62416150034859
전북,2023,3-2. 산후조리 여건,7215.0,16,0,97.706583,2024,7384.354030679796,-4.051137544306693,1754757,4208.191807002221,8.345025938414658,0.349020736382173,85.28771277513104
전북,2024,3-2. 산후조리 여건,10178.0,19,0,100.0,2024,10178.0,37.831961437837826,1738690,5853.8324830763395,8.675022664704727,0.6670065414498842,88.66034051964203
전북,2016,3-3. 아동안전 수준,4484.0,4,0,83.786765,2024,5351.68054286378,,1864791,2869.855411605794,7.962365317169066,0.8214003495574912,81.5967134155071
전북,2017,3-3. 아동안전 수준,6852.0,3,0,85.339636,2024,8029.094476100179,50.029405002632444,1854607,4329.270015750064,8.373385178347903,1.0002510329260523,85.80876203231372
전북,2018,3-3. 아동안전 수준,6055.0,3,0,86.797969,2024,6975.96967965921,-13.11635825902604,1836832,3797.8267362824745,8.242447544430393,0.9432749898763474,84.46693957573366
전북,2019,3-3. 아동안전 수준,0.0,1,0,87.068452,2024,0.0,-100.0,1818917,0.0,0.0,-2.6433336273395467,0.0
전북,2020,3-3. 아동안전 수준,0.0,1,0,87.535014,2024,0.0,,1804104,0.0,0.0,-2.6433336273395467,0.0
전북,2021,3-3. 아동안전 수준,5765.0,6,0,89.802171,2024,6419.6666247634475,inf,1786855,3592.7182814293537,8.186942678469661,0.9191226698914066,83.89813690710979
전북,2022,3-3. 아동안전 수준,837.0,6,0,94.590336,2024,884.868407698647,-86.21628724012982,1769607,500.0366791602017,6.216679310301615,0.061784659990286456,63.707275397801546
전북,2023,3-3. 아동안전 수준,832.0,6,0,97.706583,2024,851.5291134477602,-3.7677121209011344,1754757,485.2689651317876,6.186761897013787,0.04876643309535924,63.400687782069284
전북,2024,3-3. 아동안전 수준,784.0,4,0,100.0,2024,784.0,-7.930335249999998,1738690,450.9141940196355,6.113492325571307,0.016884000735460328,62.64983599558095
전북,2016,4-1. 일·가정 양립 여건,488.0,12,9,83.786765,2024,582.4308886970394,,1864791,312.3303837786859,5.747258173079354,-0.11551199263420103,52.09947952240415
전북,2017,4-1. 일·가정 양립 여건,985.0,15,0,85.339636,2024,1154.2116256507118,98.17143081693476,1854607,622.3483604077369,6.435105528495934,0.25094999126595646,58.33488571590476
전북,2018,4-1. 일·가정 양립 여건,1267.0,16,9,86.797969,2024,1459.7115745876497,26.468278619590734,1836832,794.6897563781824,6.679209356577086,0.3810003177109358,60.547711729537696
전북,2019,4-1. 일·가정 양립 여건,1184.0,18,0,87.068452,2024,1359.8496043090327,-6.841212470814773,1818917,747.6149842510861,6.618224811635334,0.34850979906517016,59.99488063083074
전북,2020,4-1. 일·가정 양립 여건,1580.0,16,0,87.535014,2024,1804.9920001155194,32.7346784817923,1804104,1000.492211156075,6.909246377897473,0.5035563216552953,62.633020710055426
전북,2021,4-1. 일·가정 양립 여건,401.0,15,0,89.802171,2024,446.5370887302936,-75.26099347245221,1786855,249.9011328453028,5.525058968488938,-0.2338922708951035,50.0852211472231
전북,2022,4-1. 일·가정 양립 여건,667.0,15,0,94.590336,2024,705.1460309856602,57.91432532305627,1769607,398.4760633212121,5.990153846818548,0.013894669728151425,54.301353494123674
전북,2023,4-1. 일·가정 양립 여건,588.0,14,0,97.706583,2024,601.8018253693306,-14.655716840932097,1754757,342.9545090114076,5.840509407382846,-0.06583086490303484,52.94481143994191
전북,2024,4-1. 일·가정 양립 여건,678.0,13,0,100.0,2024,678.0,12.661672234693878,1738690,389.9487545220827,5.968576488792543,0.002398977599270725,54.10575255037469
전북,2016,4-2. 사회적 가치관,270.0,4,0,83.786765,2024,322.24659825450954,,1864791,172.80574512345325,5.157938268231177,-0.0872158516004826,54.67847193023541
전북,2017,4-2. 사회적 가치관,235.0,6,0,85.339636,2024,275.37028632275866,-14.546720488490028,1854607,148.4790504526073,5.007156252259719,-0.1998794628635843,53.080056090585
전북,2018,4-2. 사회적 가치관,248.0,9,0,86.797969,2024,285.7209711900056,3.7588241656236754,1836832,155.55095468175946,5.053381546008432,-0.1653401413677535,53.57008297638034
전북,2019,4-2. 사회적 가치관,331.0,25,0,87.068452,2024,380.16065796139344,33.0531169546477,1818917,209.00385117154516,5.347125869461433,0.054144231851637054,56.684019186807085
전북,2020,4-2. 사회적 가치관,395.0,37,0,87.535014,2024,451.24800002887986,18.69928951846078,1804104,250.12305278901874,5.525943069153891,0.18775560018034457,58.5796314887706
전북,2021,4-2. 사회적 가치관,561.4,33,0,89.802171,2024,625.151924222411,38.53843655426756,1786855,349.861585983424,5.860391803765074,0.43765411745977306,62.12506859882185
전북,2022,4-2. 사회적 가치관,320.0,24,0,94.590336,2024,338.3009444009164,-45.885003101972586,1769607,191.1729239322157,5.25839561217029,-0.0121545979545423,55.74340403587778
전북,2023,4-2. 사회적 가치관,403.0,22,0,97.706583,2024,412.45941432625887,21.920858085887616,1754757,235.05215498570962,5.464052776311816,0.1415114652363009,57.923542473366396
전북,2024,4-2. 사회적 가치관,401.0,20,0,100.0,2024,401.0,-2.7783131935483873,1738690,230.63340791055336,5.445155983614503,0.12739187084798553,57.723220620847236
제주,2016,1-1. 고용여건,5439.0,9,0,83.786765,2024,6491.478695949175,,641597,10117.68866741767,9.222139356127048,0.286858117479549,82.55355670013199
제주,2017,1-1. 고용여건,4916.0,5,0,85.339636,2024,5760.512032181623,-11.260403029955112,657083,8766.795111396314,9.078840641145185,0.20497581495807043,81.27079376026687
제주,2018,1-1. 고용여건,2790.0,4,0,86.797969,2024,3214.3609258875636,-44.20008311882269,667191,4817.752226705042,8.48027029940337,-0.13705319632155738,75.91258903815213
제주,2019,1-1. 고용여건,2861.0,4,0,87.068452,2024,3285.920369871742,2.226241720643718,670989,4897.130012372396,8.496608781131325,-0.1277172263251806,76.05884574992331
제주,2020,1-1. 고용여건,1435.0,4,0,87.535014,2024,1639.344000104918,-50.110050896671424,674635,2429.971762664134,7.796046358725888,-0.5280255208820579,69.78764148519865
제주,2021,1-1. 고용여건,8395.0,16,0,89.802171,2024,9348.326333892306,470.2479975706145,676759,13813.375712613066,9.533465047238598,0.4647526954283513,85.34044183609664
제주,2022,1-1. 고용여건,8511.0,14,0,94.590336,2024,8997.747930613124,-3.7501729267640282,678159,13267.903147511313,9.493178467354722,0.4417325453730995,84.97980963045899
제주,2023,1-1. 고용여건,9964.0,14,0,97.706583,2024,10197.879911530628,13.338137389182503,675252,15102.332035344773,9.622670663052535,0.515725666271921,86.1389811531341
제주,2024,1-1. 고용여건,6114.0,13,0,100.0,2024,6114.0,-40.04636205720594,670368,9120.363740512674,9.11837460484039,0.227565912682071,81.62468879345403
제주,2016,1-2. 주거안정성,300.0,1,0,83.786765,2024,358.05177583834393,,641597,558.0633572762091,6.326262807119341,-0.22074831283012494,51.10928330620878
제주,2017,1-2. 주거안정성,300.0,1,0,85.339636,2024,351.53653573118123,-1.8196363059247211,657083,534.9956333236155,6.284126014253317,-0.2335518792421197,50.768864112465984
제주,2018,1-2. 주거안정성,300.0,1,0,86.797969,2024,345.63020708468423,-1.6801464559614177,667191,518.0378738392518,6.251976855145473,-0.24332063157777697,50.50913407421178
제주,2019,1-2. 주거안정성,550.0,1,0,87.068452,2024,631.686893893554,82.76379811292995,670989,941.4266014697023,6.84845803986492,-0.06207554996125926,55.32804956762786
제주,2020,1-2. 주거안정성,710.0,1,0,87.535014,2024,811.1040000519107,28.40285399186868,674635,1202.2856804819062,7.092811161167131,0.012172896675830738,57.302155494643216
제주,2021,1-2. 주거안정성,15832.0,6,0,89.802171,2024,17629.86331366087,2073.563847858297,676759,26050.430527944023,10.167827960374103,0.9465387828463546,82.14492753142238
제주,2022,1-2. 주거안정성,19665.1,7,0,94.590336,2024,20789.75594293269,17.923523132611653,678159,30656.167569747933,10.330621766219256,0.9960048471295828,83.46012340568682
제주,2023,1-2. 주거안정성,38044.0,5,0,97.706583,2024,38936.98749039254,87.28929573427173,675252,57662.898429612265,10.962386579548802,1.187971112097713,88.56409202220034
제주,2024,1-2. 주거안정성,10426.0,5,0,100.0,2024,10426.0,-73.2234035759121,670368,15552.651677884385,9.652050724628689,0.7898161743493433,77.97801166524309
제주,2016,1-3. 경제적 여건,3464.0,9,2,83.786765,2024,4134.3045050134115,,641597,6443.771565349295,8.771024471044493,-1.3410861793892,51.26426386607755
제주,2017,1-3. 경제적 여건,3339.0,9,2,85.339636,2024,3912.6016426880474,-5.36251894500076,657083,5954.501398891841,8.692070676211674,-1.3980890687934153,50.27440260464707
제주,2018,1-3. 경제적 여건,6488.0,9,2,86.797969,2024,7474.829278551438,91.04498646113275,667191,11203.432418230219,9.324064730621863,-0.9418033732933051,58.1978524304558
제주,2019,1-3. 경제적 여건,8279.0,8,0,87.068452,2024,9508.61053553588,27.208397425480356,670989,14171.037879213935,9.559026138802418,-0.7721664458582783,61.14361578966561
제주,2020,1-3. 경제적 여건,8898.0,10,0,87.535014,2024,10165.075200650565,6.903896869698523,674635,15067.518288630985,9.620362964864327,-0.7278826173251971,61.91260920089233
제주,2021,1-3. 경제적 여건,4417.0,7,0,89.802171,2024,4918.589328981812,-51.61285842069301,676759,7267.859502395701,8.891354680971483,-1.2542104356332695,52.772870433231624
제주,2022,1-3. 경제적 여건,80670.8,11,0,94.590336,2024,85284.39945492953,1633.9199057015821,678159,125758.7076997128,11.7421282833896,0.8039849015153553,88.51365224261156
제주,2023,1-3. 경제적 여건,112489.0,10,0,97.706583,2024,115129.3971666167,34.99467417538589,675252,170498.41713407246,12.046487157131375,1.0237252604915188,92.3294670407163
제주,2024,1-3. 경제적 여건,147291.0,11,0,100.0,2024,147291.0,27.935178698832775,670368,219716.63325218388,12.300098515744546,1.2068270386554507,95.50904897064757
제주,2016,2-1. 돌봄 여건,318277.0,40,2,83.786765,2024,379865.4835283353,,641597,592062.4372126666,13.29136906557902,1.1731702119919833,63.54039700974503
제주,2017,2-1. 돌봄 여건,284349.0,44,3,85.339636,2024,333196.8746620855,-12.285561834356196,657083,507084.91113312246,13.136435718185007,0.9130558730903248,60.254166399152595
제주,2018,2-1. 돌봄 여건,1912717.0,44,3,86.797969,2024,2203642.5760146533,561.3635191655073,667191,3302866.1597873075,15.010301485516115,4.0590497050070615,100.0
제주,2019,2-1. 돌봄 여건,353401.0,46,0,87.068452,2024,405888.69088886527,-81.58101067265973,670989,604911.0952472623,13.312838429344367,1.2092146753460238,63.99577528422457
제주,2020,2-1. 돌봄 여건,443336.0,48,0,87.535014,2024,506467.0464324139,24.779787612039584,674635,750727.4992142625,13.528799346360229,1.5717869175587882,68.57643779572567
제주,2021,2-1. 돌봄 여건,347492.0,53,0,89.802171,2024,386952.7831348309,-23.59763861033982,676759,571773.3833385753,13.256499757829328,1.1146288644652709,62.800797766427856
제주,2022,2-1. 돌봄 여건,385433.8,54,0,94.590336,2024,407476.93295010604,5.304045017844894,678159,600857.5171163488,13.306114773351485,1.1979264706889394,63.85316244773358
제주,2023,2-1. 돌봄 여건,368357.0,50,0,97.706583,2024,377003.2567815825,-7.478626077774797,675252,558314.9058152845,13.232680220620882,1.0746387443385703,62.295570882602284
제주,2024,2-1. 돌봄 여건,410417.0,57,0,100.0,2024,410417.0,8.862985297173665,670368,612226.4189221442,13.324859092014439,1.2293959131245749,64.25074085677839
제주,2016,2-2. 여가 인프라,1927.0,6,1,83.786765,2024,2299.885906801629,,641597,3584.626964904183,8.184688623350876,0.16997124419329235,72.11548170906713
제주,2017,2-2. 여가 인프라,4951.0,7,1,85.339636,2024,5801.524628016928,152.25271440029408,657083,8829.2112686174,9.085934219542514,0.7757890324422486,80.05637760608494
제주,2018,2-2. 여가 인프라,4927.0,7,0,86.797969,2024,5676.400101020798,-2.156752492127234,667191,8507.908681353312,9.048868973785071,0.7508737537428969,79.72979486415423
제주,2019,2-2. 여가 인프라,2790.0,4,0,87.068452,2024,3204.3753344782103,-43.54916359926846,670989,4775.600396546308,8.471484358341113,0.3627554958836325,74.64244559648003
제주,2020,2-2. 여가 인프라,1075.0,3,0,87.535014,2024,1228.080000078597,-61.67490159892354,674635,1820.362121856407,7.507339918747719,-0.2853429296900329,66.14734652819926
제주,2021,2-2. 여가 인프라,1669.0,4,0,89.802171,2024,1858.5296785308228,51.336205981033565,676759,2746.220853406933,7.918345080900268,-0.009065032359574402,69.7687225655212
제주,2022,2-2. 여가 인프라,2522.0,5,0,94.590336,2024,2666.2343180597227,43.4593350248458,678159,3931.5769871958096,8.27705021190439,0.23205675510518362,72.929281812708
제주,2023,2-2. 여가 인프라,3242.0,4,0,97.706583,2024,3318.0978194683157,24.448845211885526,675252,4913.865963326752,8.500019761268767,0.3819370095148492,74.89387169496581
제주,2024,2-2. 여가 인프라,782.0,2,0,100.0,2024,782.0,-76.43228010302283,670368,1166.5234617404171,7.062640085050273,-0.5842704038698676,62.22908595668057
제주,2016,2-3. 가사수행 격차,100.0,1,0,83.786765,2024,119.35059194611463,,641597,186.02111909206968,5.231221546798989,2.3295329683155837,79.44472448864853
제주,2017,2-3. 가사수행 격차,100.0,1,0,85.339636,2024,117.17884524372708,-1.81963630592471,657083,178.3318777745385,5.18923815496188,2.3033602811980822,78.80713746088462
제주,2018,2-3. 가사수행 격차,100.0,1,0,86.797969,2024,115.21006902822808,-1.6801464559614288,667191,172.6792912797506,5.15721044495226,2.2833940231972,78.32074387671813
제주,2019,2-3. 가사수행 격차,90.0,1,0,87.068452,2024,103.36694627349065,-10.279590017288932,670989,154.05162569504216,5.043758130464353,2.2126672000436742,76.59778341968939
제주,2020,2-3. 가사수행 격차,90.0,1,0,87.535014,2024,102.81600000658023,-0.5330004288341073,674635,152.40241020193173,5.033064600686725,2.206000792285639,76.4353845383966
제주,2021,2-3. 가사수행 격차,0.0,0,0,89.802171,2024,0.0,-100.0,676759,0.0,0.0,-0.931640529002546,0.0
제주,2022,2-3. 가사수행 격차,0.0,0,0,94.590336,2024,0.0,,678159,0.0,0.0,-0.931640529002546,0.0
제주,2023,2-3. 가사수행 격차,0.0,0,0,97.706583,2024,0.0,,675252,0.0,0.0,-0.931640529002546,0.0
제주,2024,2-3. 가사수행 격차,0.0,0,0,100.0,2024,0.0,,670368,0.0,0.0,-0.931640529002546,0.0
제주,2016,3-1. 의료서비스 여건,8915.0,8,0,83.786765,2024,10640.10527199612,,641597,16583.782767058015,9.716240853137881,0.8573852228691555,56.31719668195653
제주,2017,3-1. 의료서비스 여건,9627.0,7,0,85.339636,2024,11280.807431613606,6.021577261117517,657083,17168.009873354822,9.750861286145765,0.8905694198211122,56.85757074295359
제주,2018,3-1. 의료서비스 여건,9704.0,7,0,86.797969,2024,11179.985098499254,-0.8937510344499411,667191,16756.798425787,9.726619006564487,0.8673328363847833,56.47918439919591
제주,2019,3-1. 의료서비스 여건,10861.0,7,0,87.068452,2024,12474.0933719598,11.575223598770812,670989,18590.607851931698,9.830465567127757,0.9668713002084464,58.10007653648868
제주,2020,3-1. 의료서비스 여건,11363.0,7,0,87.535014,2024,12981.09120083079,4.064406235812346,674635,19241.65096805056,9.864884498930538,0.9998623552758209,58.63730545991706
제주,2021,3-1. 의료서비스 여건,1073.0,5,0,89.802171,2024,1194.8486189715836,-90.79546857435903,676759,1765.5452221124265,7.476781066308737,-1.289170096505428,21.362521817754807
제주,2022,3-1. 의료서비스 여건,2208.0,7,0,94.590336,2024,2334.2765163663234,95.361695138875,678159,3442.078504253904,8.144121264197928,-0.6495146492246423,31.77872119682781
제주,2023,3-1. 의료서비스 여건,2826.0,8,0,97.706583,2024,2892.3332627444356,23.90705396149113,675252,4283.339053782049,8.36272157264273,-0.43998302125399225,35.190750629926654
제주,2024,3-1. 의료서비스 여건,9257.0,8,0,100.0,2024,9257.0,220.05302152547773,670368,13808.833357200821,9.533136179509448,0.6818766857250381,53.45920192338132
제주,2016,3-2. 산후조리 여건,1162.0,2,0,83.786765,2024,1386.853878413852,,641597,2161.5654038498496,7.679050482903521,-0.29271514917293584,78.48132010672056
제주,2017,3-2. 산후조리 여건,827.0,2,0,85.339636,2024,969.0690501656229,-30.124646493115094,657083,1474.8046291954333,7.296958631355648,-0.6608999684291841,74.57627052041288
제주,2018,3-2. 산후조리 여건,1011.0,2,0,86.797969,2024,1164.773797875386,20.1951293023253,667191,1745.7876348382788,7.465533742835652,-0.49846050079873955,76.29913942400236
제주,2019,3-2. 산후조리 여건,1888.0,2,0,87.068452,2024,2168.4088284927816,86.16566001468125,670989,3231.660770135996,8.081060844950153,0.09466320472198698,82.58994056445076
제주,2020,3-2. 산후조리 여건,2151.0,2,0,87.535014,2024,2457.302400157267,13.322836905496738,674635,3642.4176038261685,8.200677422287907,0.20992608648389696,83.81244416916269
제주,2021,3-2. 산후조리 여건,2373.0,2,0,89.802171,2024,2642.475091164555,7.535608600530286,676759,3904.6028071507803,8.270167418388636,0.276886848800125,84.52264481706025
제주,2022,3-2. 산후조리 여건,2778.0,2,0,94.590336,2024,2936.8750735804556,11.141069348213106,678159,4330.658552906407,8.37370578527908,0.37665672022034513,85.5808261291049
제주,2023,3-2. 산후조리 여건,2854.0,2,0,97.706583,2024,2920.9904925239275,-0.5408667600274364,675252,4325.7783650014035,8.37257851751284,0.3755704817227561,85.56930524346869
제주,2024,3-2. 산후조리 여건,3075.0,2,0,100.0,2024,3075.0,5.272509714435869,670368,4587.0327939281115,8.431206625984856,0.43206469753410887,86.16849538533427
제주,2016,3-3. 아동안전 수준,3393.0,3,0,83.786765,2024,4049.56558473167,,641597,6311.696570793925,8.750318213026528,1.164269215996591,89.67149572793929
제주,2017,3-3. 아동안전 수준,6432.0,3,0,85.339636,2024,7536.943326076525,86.11732958452467,657083,11470.306378458316,9.347604098882686,1.4241714711951305,95.7923609876935
제주,2018,3-3. 아동안전 수준,7535.0,3,0,86.797969,2024,8681.078701276985,15.18036325471559,667191,13011.384597929207,9.473656844328987,1.4790219098062836,97.08412409271477
제주,2019,3-3. 아동안전 수준,5136.0,2,0,87.068452,2024,5898.807067340534,-32.04983769502262,670989,8791.212772997073,9.081621696540973,1.308432211573006,93.0666269886962
제주,2020,3-3. 아동안전 수준,6182.0,2,0,87.535014,2024,7062.3168004519885,19.72449208507545,674635,10468.352220759356,9.256207431918018,1.38440123649806,94.85574638331612
제주,2021,3-3. 아동안전 수준,10227.0,5,0,89.802171,2024,11388.366100859632,61.25538435391027,676759,16827.80147860558,9.730847071256639,1.590935352893433,99.71975765183235
제주,2022,3-3. 아동안전 수준,6613.0,6,0,94.590336,2024,6991.200454135188,-38.611031712376466,678159,10309.087476735085,9.24087806162439,1.3777308329200875,94.69865408914667
제주,2023,3-3. 아동안전 수준,5840.0,6,0,97.706583,2024,5977.079354008317,-14.505679057264542,675252,8851.627768608338,9.088469616935654,1.3114120073393947,93.13680309537799
제주,2024,3-3. 아동안전 수준,5878.0,5,0,100.0,2024,5878.0,-1.6576549873287605,670368,8768.318296816076,9.079014351081153,1.3072976544352335,93.03990743843875
제주,2016,4-1. 일·가정 양립 여건,11723.0,9,4,83.786765,2024,13991.46989384302,,641597,21807.25579116333,9.990043883102823,2.144901827837341,90.56076324421768
제주,2017,4-1. 일·가정 양립 여건,12204.0,10,5,85.339636,2024,14300.506273544454,2.2087484878013264,657083,21763.622363604678,9.988041103208936,2.14383481393164,90.54260784090586
제주,2018,4-1. 일·가정 양립 여건,12525.0,9,3,86.797969,2024,14430.061145785567,0.9059460536777308,667191,21628.08123278876,9.981794041521084,2.1405065891421584,90.48597759171922
제주,2019,4-1. 일·가정 양립 여건,16844.0,10,0,87.068452,2024,19345.69825589641,34.06525489011181,670989,28831.617591192116,10.269262580516891,2.2936601780594006,93.09190911762506
제주,2020,4-1. 일·가정 양립 여건,640.0,11,0,87.535014,2024,731.1360000467927,-96.22067918988684,674635,1083.75047254707,6.989105260305994,0.54610245380078,63.35694959639177
제주,2021,4-1. 일·가정 양립 여건,620.0,7,0,89.802171,2024,690.4064713535711,-5.57071853808524,676759,1020.1659251721381,6.928700317372451,0.5139207276510943,62.80937264880323
제주,2022,4-1. 일·가정 양립 여건,750.0,6,0,94.590336,2024,792.8928384396479,14.8443520358591,678159,1169.1842745427664,7.064916514999243,0.586492145755069,64.04418632606568
제주,2023,4-1. 일·가정 양립 여건,795.0,6,0,97.706583,2024,813.6606312391459,2.619243331843868,675252,1204.973300692402,7.095042238312714,0.6025421199898261,64.31727907004918
제주,2024,4-1. 일·가정 양립 여건,195.0,5,0,100.0,2024,195.0,-76.03423435849056,670368,290.8850064442217,5.676359911156176,-0.1532842069414082,51.456779571574984
제주,2016,4-2. 사회적 가치관,57.0,5,0,83.786765,2024,68.02983740928535,,641597,106.03203788247974,4.673128209107272,-0.4494636414689784,49.53907866285672
제주,2017,4-2. 사회적 가치관,53.0,3,0,85.339636,2024,62.104787979175356,-8.709486389719467,657083,94.51589522050541,4.559292675736268,-0.5345210151684143,48.332326528108055
제주,2018,4-2. 사회적 가치관,53.0,3,0,86.797969,2024,61.061336584960884,-1.6801464559614288,667191,91.52002437826782,4.527425100855074,-0.558332316835798,47.99450350502956
제주,2019,4-2. 사회적 가치관,59.0,3,0,87.068452,2024,67.76277589039942,10.97493058658181,670989,100.98939906674987,4.624868877164961,-0.48552278671077354,49.02748926613359
제주,2020,4-2. 사회적 가치관,58.0,3,0,87.535014,2024,66.25920000424058,-2.2188817774979386,674635,98.21488657457823,4.597288069308,-0.5061310362735542,48.735109569092884
제주,2021,4-2. 사회적 가치관,539.0,2,0,89.802171,2024,600.2082065477014,805.8488579839299,676759,886.8861833351331,6.7888435628575525,1.131388893381182,71.9674359960426
제주,2022,4-2. 사회적 가치관,499.0,2,0,94.590336,2024,527.5380351751791,-12.107493796279323,678159,777.8972706624539,6.657879163827395,1.033532912039001,70.57910351825078
제주,2023,4-2. 사회적 가치관,539.0,3,0,97.706583,2024,551.6516732552196,4.570976208764388,675252,816.9567409725844,6.706809451307748,1.0700933920946722,71.09780560644974
제주,2024,4-2. 사회적 가치관,419.0,2,0,100.0,2024,419.0,-24.046274068645634,670368,625.0298343596353,6.43939802868592,0.8702848381933799,68.26302023189228
충남,2016,1-1. 고용여건,175.0,4,0,83.786765,2024,208.86353590570062,,2096727,99.61408228429387,4.6112922308142075,-2.3478255169336366,41.2787705690526
충남,2017,1-1. 고용여건,1213.0,6,0,85.339636,2024,1421.3793928064094,580.5301780623619,2116770,671.4850422135656,6.5109798691670235,-1.262325218346832,58.28414915955353
충남,2018,1-1. 고용여건,2130.0,16,1,86.797969,2024,2453.974470301258,72.6473932801337,2126282,1154.1152444977938,7.05195539676429,-0.9532064533038785,63.12678405871212
충남,2019,1-1. 고용여건,907.0,9,0,87.068452,2024,1041.7091141117337,-57.550124228315624,2123709,490.51405541518807,6.197490536157355,-1.4414561226679419,55.47789581332685
충남,2020,1-1. 고용여건,3456.0,12,0,87.535014,2024,3948.1344002526807,279.0054581234281,2121029,1861.4240541985428,7.529634173153101,-0.6802560777104292,67.40280727070837
충남,2021,1-1. 고용여건,38843.0,39,0,89.802171,2024,43253.96543030123,995.5545339979554,2119257,20409.96699800979,9.923827633319961,0.6878097365932095,88.83483924641854
충남,2022,1-1. 고용여건,50692.0,42,0,94.590336,2024,53591.09835491017,23.89869419317412,2123037,25242.65867948141,10.136330261755544,0.8092358394746905,90.73709284594031
충남,2023,1-1. 고용여건,47876.0,49,0,97.706583,2024,48999.7690329627,-8.56733573837417,2130119,23003.301239490705,10.043436487839658,0.7561554186271964,89.90553835127098
충남,2024,1-1. 고용여건,10102.0,1,0,100.0,2024,10102.0,-79.38357629154483,2136574,4728.130174756409,8.46149656917481,-0.14778069138825156,75.74453278319359
충남,2016,1-2. 주거안정성,0.0,0,0,83.786765,2024,0.0,,2096727,0.0,0.0,-2.1430285928748103,0.0
충남,2017,1-2. 주거안정성,0.0,0,0,85.339636,2024,0.0,,2116770,0.0,0.0,-2.1430285928748103,0.0
충남,2018,1-2. 주거안정성,3860.0,2,0,86.797969,2024,4447.108664489604,inf,2126282,2091.4952318129035,7.646112523657523,0.18029747993535009,61.77222525801265
충남,2019,1-2. 주거안정성,327.0,5,0,87.068452,2024,375.5665714603494,-91.55481460439076,2123709,176.84464842421883,5.180910407552191,-0.5687718456040235,41.85608879632423
충남,2020,1-2. 주거안정성,261.0,5,0,87.535014,2024,298.16640001908263,-20.60890859916118,2121029,140.57629575978575,4.95283876441983,-0.6380730484464578,40.013519402930314
충남,2021,1-2. 주거안정성,883.0,11,0,89.802171,2024,983.2724422664569,229.77305363834674,2119257,463.9703642675036,6.141973670798281,-0.27674588728716054,49.62042867502116
충남,2022,1-2. 주거안정성,1436.0,11,0,94.590336,2024,1518.1254879991125,54.39520347990347,2123037,715.0725531392587,6.573781493027068,-0.1455379867071648,53.10896353248742
충남,2023,1-2. 주거안정성,3824.0,13,0,97.706583,2024,3913.758809884898,157.80206187323995,2130119,1837.342800981963,7.516619793132413,0.14095018598204898,60.72606564493833
충남,2024,1-2. 주거안정성,0.0,0,0,100.0,2024,0.0,-100.0,2136574,0.0,0.0,-2.1430285928748103,0.0
충남,2016,1-3. 경제적 여건,13646.0,25,1,83.786765,2024,16286.581776966803,,2096727,7767.621524865565,8.95784801769548,-1.206203720725886,53.60651216388821
충남,2017,1-3. 경제적 여건,14860.5,32,0,85.339636,2024,17413.362297444062,6.918459231702023,2116770,8226.383734389688,9.015223349376376,-1.164780003306583,54.32583944021359
충남,2018,1-3. 경제적 여건,82848.59999999999,35,0,86.797969,2024,95449.92924892055,448.1418672540381,2126282,44890.53157056333,10.712004449495662,0.060258332064961034,75.59876094692414
충남,2019,1-3. 경제적 여건,14431.0,42,0,87.068452,2024,16574.315574141598,-82.63559155615714,2123709,7804.419331528754,8.962573557518995,-1.2027919857420832,53.665757306196454
충남,2020,1-3. 경제적 여건,136821.0,51,1,87.535014,2024,156304.31041000347,843.0513719303226,2121029,73692.67954846608,11.207672315320334,0.4181195418605754,81.81305906843535
충남,2021,1-3. 경제적 여건,149652.0,54,0,89.802171,2024,166646.30524355583,6.616576859860213,2119257,78634.30685544785,11.272576074192889,0.46497861680135677,82.62677190852371
충남,2022,1-3. 경제적 여건,270844.0,57,0,94.590336,2024,286333.69057913066,71.82120549306515,2123037,134869.8541660511,11.812072963745472,0.8544834100060656,89.39056423492323
충남,2023,1-3. 경제적 여건,313813.0,72,0,97.706583,2024,321178.9731711322,12.169466513536854,2130119,150779.82646562572,11.923582581018914,0.9349908814253153,90.78858507292911
충남,2024,1-3. 경제적 여건,218266.0,16,0,100.0,2024,218266.0,-32.042251133388355,2136574,102157.00462516159,11.534275958655467,0.6539201312998526,85.9077614834879
충남,2016,2-1. 돌봄 여건,643404.0,102,0,83.786765,2024,767906.4826049794,,2096727,366240.56570310745,12.81104841025127,0.36676996425411984,53.35250352530557
충남,2017,2-1. 돌봄 여건,619663.6,110,0,85.339636,2024,726114.650875708,-5.442307452269512,2116770,343029.545428038,12.745574775909088,0.25684765637875334,51.963767885231654
충남,2018,2-1. 돌봄 여건,396875.4,108,0,86.797969,2024,457240.42229605635,-37.0291700154217,2126282,215042.22972120176,12.27859435536895,-0.5271559517012305,42.05882890122041
충남,2019,2-1. 돌봄 여건,821397.0,106,0,87.068452,2024,943392.2174245156,106.3230133257298,2123709,444219.154989933,13.004075563095984,0.6908391920658986,57.44672693829761
충남,2020,2-1. 돌봄 여건,846980.0,154,1,87.535014,2024,967589.9520619258,2.5649707714857417,2121029,456188.93096790556,13.030664517058607,0.7354788277441084,58.01069483730256
충남,2021,2-1. 돌봄 여건,562142.0,171,0,89.802171,2024,625978.1848703858,-35.305427310770256,2119257,295376.2497282707,12.596008630975719,0.005744200823284101,48.79137890599936
충남,2022,2-1. 돌봄 여건,639040.0,172,0,94.590336,2024,675586.9859686301,7.9250047840750515,2123037,318217.2453747297,12.670492732571747,0.13079399269322514,50.37123204145675
충남,2023,2-1. 돌봄 여건,659145.0,168,0,97.706583,2024,674616.7758215432,-0.1436099521212375,2130119,316703.79721580964,12.66572537992009,0.12279018457731906,50.27011358969103
충남,2024,2-1. 돌봄 여건,748705.0,27,0,100.0,2024,748705.0,10.982268279384645,2136574,350423.1540775091,12.766899568538216,0.2926494022923321,52.41607971790743
충남,2016,2-2. 여가 인프라,4093.0,33,0,83.786765,2024,4885.019728354472,,2096727,2329.831078797799,7.753980169141666,-0.11955121695576272,68.32049950744143
충남,2017,2-2. 여가 인프라,3381.1,32,0,85.339636,2024,3961.9339365356564,-18.89625514633815,2116770,1871.6884387702285,7.535130345185292,-0.2666621896675033,66.39220862151436
충남,2018,2-2. 여가 인프라,4691.2,41,0,86.797969,2024,5404.734758252235,36.416579499510135,2126282,2541.871096238521,7.84104907449462,-0.06102345061872966,69.0876656563766
충남,2019,2-2. 여가 인프라,5815.0,38,0,87.068452,2024,6678.653250892758,23.570416488902367,2123709,3144.8062097456655,8.053825482784397,0.08200496872265031,70.96244353569196
충남,2020,2-2. 여가 인프라,9458.0,43,0,87.535014,2024,10804.819200691509,61.781407041115564,2121029,5094.140250176451,8.536042472299838,0.40615149579449644,75.21126863918929
충남,2021,2-2. 여가 인프라,8211.0,23,0,89.802171,2024,9143.431510135762,-15.376358083339492,2119257,4314.451484711747,8.369957229495197,0.29450890371762645,73.74788770427469
충남,2022,2-2. 여가 인프라,12316.0,28,0,94.590336,2024,13020.35759763027,42.401215377364856,2123037,6132.892454361498,8.721584811811253,0.5308731590395955,76.8460865054571
충남,2023,2-2. 여가 인프라,28710.0,32,0,97.706583,2024,29383.895248900477,125.67656094367483,2130119,13794.485307581632,9.53209666599501,1.0756996757250148,83.98752529258603
충남,2024,2-2. 여가 인프라,0.0,0,0,100.0,2024,0.0,-100.0,2136574,0.0,0.0,-5.331780975465243,0.0
충남,2016,2-3. 가사수행 격차,23.0,4,0,83.786765,2024,27.450636147606367,,2096727,13.092136528792908,2.645616948822132,0.7176522414085631,40.17805549265709
충남,2017,2-3. 가사수행 격차,13.0,2,0,85.339636,2024,15.23324988168452,-44.50675095552267,2116770,7.196459644498231,2.103702310368103,0.37981954957458375,31.948188192410594
충남,2018,2-3. 가사수행 격차,10.0,3,0,86.797969,2024,11.521006902822808,-24.369343427662628,2126282,5.418381429567108,1.859165972141256,0.2273741946565541,28.23450070200362
충남,2019,2-3. 가사수행 격차,17.0,3,0,87.068452,2024,19.524867629437125,69.47188552289869,2123709,9.193758480769787,2.3217756193446375,0.5157677003734948,35.25999095109319
충남,2020,2-3. 가사수행 격차,13.0,2,0,87.535014,2024,14.851200000950477,-23.93700032793197,2121029,7.001884463131092,2.0796770718318185,0.3648420781598584,31.583325332137143
충남,2021,2-3. 가사수행 격차,3.0,1,0,89.802171,2024,3.340676474291473,-77.50567985026349,2119257,1.5763432534569772,0.9463710499306359,-0.34166739193450635,14.372204781076038
충남,2022,2-3. 가사수행 격차,13.0,2,0,94.590336,2024,13.74347586628723,311.3979899595664,2123037,6.4734980437398075,2.0113631684841216,0.3222547992417663,30.545866073023394
충남,2023,2-3. 가사수행 격차,10.0,1,0,97.706583,2024,10.234724921247118,-25.53030237166629,2130119,4.804766738969568,1.758679431563792,0.16473030927782603,26.708446899927704
충남,2024,2-3. 가사수행 격차,0.0,0,0,100.0,2024,0.0,-100.0,2136574,0.0,0.0,-0.931640529002546,0.0
충남,2016,3-1. 의료서비스 여건,6670.0,47,0,83.786765,2024,7960.6844828058465,,2096727,3796.7195933499434,8.242156058565019,-0.5555468492355066,33.30890020813863
충남,2017,3-1. 의료서비스 여건,6947.2,42,0,85.339636,2024,8140.6487367722075,2.260663066788582,2116770,3845.7880340198544,8.254993802201238,-0.5432416821353149,33.509278512510576
충남,2018,3-1. 의료서비스 여건,3973.4,40,0,86.797969,2024,4577.756882767615,-43.76668210618912,2126282,2152.939677224195,7.675053852321492,-1.099122699358141,24.457268510799146
충남,2019,3-1. 의료서비스 여건,4697.0,41,0,87.068452,2024,5394.606073850951,17.843874456467134,2123709,2540.1813873044525,7.840384364992995,-0.94065095830829,27.037834748046386
충남,2020,3-1. 의료서비스 여건,6769.0,52,1,87.535014,2024,7732.905600494906,43.34513947141194,2121029,3645.8273793026433,8.201612857443518,-0.5944081070011821,32.676080444421146
충남,2021,3-1. 의료서비스 여건,9194.0,74,0,89.802171,2024,10238.0598348786,32.39602762282996,2119257,4830.9666240944825,8.48300883232558,-0.3246859042243512,37.06825790969484
충남,2022,3-1. 의료서비스 여건,7859.0,49,0,94.590336,2024,8308.459756396256,-18.84732175434902,2123037,3913.4785481347035,8.272437406229416,-0.5265217297450255,33.78154752615882
충남,2023,3-1. 의료서비스 여건,12547.0,73,0,97.706583,2024,12841.50935868876,54.55944585640849,2130119,6028.540827385117,8.70442613879282,-0.11245414199574591,40.52425654043076
충남,2024,3-1. 의료서비스 여건,14786.0,18,0,100.0,2024,14786.0,15.14222812130388,2136574,6920.424941986564,8.842376943885876,0.019773744491012556,42.67746579546728
충남,2016,3-2. 산후조리 여건,2418.0,3,0,83.786765,2024,2885.897313257052,,2096727,1376.3820055052718,7.227939878922802,-0.727406638976685,73.87088607019885
충남,2017,3-2. 산후조리 여건,3026.0,5,0,85.339636,2024,3545.8318570751817,22.86756846082376,2116770,1675.1143757116652,7.424233521978279,-0.538257513715959,75.87704350722176
충남,2018,3-2. 산후조리 여건,5590.6,7,0,86.797969,2024,6440.9341190921195,81.64804138245276,2126282,3029.200322013787,8.016384009193892,0.03234041771012776,81.92893130793163
충남,2019,3-2. 산후조리 여건,9779.0,10,0,87.068452,2024,11231.39297342739,74.37521896296788,2123709,5288.57436373222,8.573493061073108,0.5691723201472548,87.62268914065164
충남,2020,3-2. 산후조리 여건,14607.0,15,0,87.535014,2024,16687.03680106797,48.574952728910944,2121029,7867.425104073528,8.970613207545282,0.951838448094118,91.68133068826212
충남,2021,3-2. 산후조리 여건,13510.0,17,0,89.802171,2024,15044.179722559267,-9.845109698586874,2119257,7098.799118067921,8.867821769399276,0.8527883193840705,90.63078312651244
충남,2022,3-2. 산후조리 여건,19168.0,18,0,94.590336,2024,20264.226569614893,34.69811543947448,2123037,9544.923884800357,9.163869524016388,1.1380607966257437,93.65644608428433
충남,2023,3-2. 산후조리 여건,23785.0,18,0,97.706583,2024,24343.29322518627,20.129397199337063,2130119,11428.137688639117,9.34392131112918,1.3115592222695625,95.4966087413272
충남,2024,3-2. 산후조리 여건,11715.0,7,0,100.0,2024,11715.0,-51.87586210447761,2136574,5483.077113172771,8.609604102066344,0.6039690242575061,87.9917506768255
충남,2016,3-3. 아동안전 수준,297.0,4,0,83.786765,2024,354.4712580799605,,2096727,169.05932821963015,5.136147365694818,-0.4083966984974009,52.63420201968524
충남,2017,3-3. 아동안전 수준,268.9,4,0,85.339636,2024,315.0939148603821,-11.108754891121741,2116770,148.85599987735185,5.009674832182691,-0.4634298031778465,51.3381370112549
충남,2018,3-3. 아동안전 수준,72.0,4,0,86.797969,2024,82.95124970032421,-73.67411879817487,2126282,39.012346292883166,3.6891880638111436,-1.0380248123461158,37.80605500850516
충남,2019,3-3. 아동안전 수준,19.0,4,0,87.068452,2024,21.821910879959137,-73.69308966556312,2123709,10.275377125566232,2.422621332773162,-1.5891571219341074,24.826534670336855
충남,2020,3-3. 아동안전 수준,94.0,4,0,87.535014,2024,107.38560000687268,392.0998926152418,2121029,50.62901073340944,3.944083738014777,-0.927109818145448,40.41817445421794
충남,2021,3-3. 아동안전 수준,616.0,9,0,89.802171,2024,685.9522360545159,538.7748785783335,2119257,323.67581470983265,5.7828271913017995,-0.1270012243255411,59.26124640910339
충남,2022,3-3. 아동안전 수준,1070.0,8,0,94.590336,2024,1131.1937828405644,64.90853493633966,2123037,532.8186851385842,6.280056240364138,0.08936242039090082,64.35674939120342
충남,2023,3-3. 아동안전 수준,1260.0,12,0,97.706583,2024,1289.5753400771368,14.001275434776272,2130119,605.4006091101655,6.407540838796928,0.14483591377216223,65.66318583676326
충남,2024,3-3. 아동안전 수준,72.0,1,0,100.0,2024,72.0,-94.41676668571428,2136574,33.698809402342256,3.546705375192479,-1.1000245564814735,36.34592116048654
충남,2016,4-1. 일·가정 양립 여건,195.0,5,0,83.786765,2024,232.73365429492355,,2096727,110.99854883107031,4.71848591434571,-0.6636073221403408,42.7735544268219
충남,2017,4-1. 일·가정 양립 여건,412.8,4,0,85.339636,2024,483.7142731661054,107.8402776046886,2116770,228.5152724037592,5.4359695737080935,-0.2813561102175361,49.277616727990775
충남,2018,4-1. 일·가정 양립 여건,356.0,5,1,86.797969,2024,410.14784574049196,-15.2086534358582,2126282,192.89437889258903,5.26731357210477,-0.37121036706321436,47.7487329303181
충남,2019,4-1. 일·가정 양립 여건,200.0,5,0,87.068452,2024,229.70432505220145,-43.99475032290196,2123709,108.16186447964455,4.692831775940191,-0.6772749860214382,42.540997054545876
충남,2020,4-1. 일·가정 양립 여건,277.0,5,1,87.535014,2024,316.44480002025244,37.76179440606475,2121029,149.19399971440865,5.011927789892976,-0.5072713399989138,45.433634855730034
충남,2021,4-1. 일·가정 양립 여건,687.0,9,0,89.802171,2024,765.0149126127474,141.75303641070622,2119257,360.9826050416478,5.89159615830008,-0.03861355870171222,53.40791802974951
충남,2022,4-1. 일·가정 양립 여건,772.0,7,0,94.590336,2024,816.1510283672109,6.684329274029288,2123037,384.42619152054857,5.954349712987557,-0.005180571038872339,53.97678538161348
충남,2023,4-1. 일·가정 양립 여건,802.0,8,0,97.706583,2024,820.8249386840189,0.5726771338092407,2130119,385.3422924653594,5.956723744563305,-0.003915766697852088,53.99830621915748
충남,2024,4-1. 일·가정 양립 여건,0.0,0,0,100.0,2024,0.0,-100.0,2136574,0.0,0.0,-3.177458244964427,0.0
충남,2016,4-2. 사회적 가치관,193.0,28,0,83.786765,2024,230.34664245600126,,2096727,109.86010217639266,4.708269065661743,-0.42320655917174493,49.911601217179
충남,2017,4-2. 사회적 가치관,240.5,31,0,85.339636,2024,281.81512281116363,22.343924706865835,2116770,133.13450342321727,4.898843053413496,-0.28081057424880285,51.93184533372805
충남,2018,4-2. 사회적 가치관,448.5,28,0,86.797969,2024,516.7171595916029,83.35324039293678,2126282,243.01440711608475,5.497227269107806,0.16629928980634398,58.275219922535896
충남,2019,4-2. 사회적 가치관,433.0,32,0,87.068452,2024,497.3098637380162,-3.7558837544558465,2123709,234.17043659843048,5.460310513389662,0.13871526402895198,57.88387134752046
충남,2020,4-2. 사회적 가치관,468.0,24,1,87.535014,2024,534.6432000342172,7.507057273223183,2121029,252.06784067271934,5.533657597734548,0.1935198595549752,58.661411962385515
충남,2021,4-2. 사회적 가치관,1065.0,28,0,89.802171,2024,1185.940148373473,121.81899036545731,2119257,559.6018549772269,6.329010947639282,0.7878041318082027,67.09282458421559
충남,2022,4-2. 사회적 가치관,1153.0,25,0,94.590336,2024,1218.940590294552,2.782639745044424,2123037,574.149480340923,6.354629972822395,0.8069465466086272,67.36440773944307
충남,2023,4-2. 사회적 가치관,1059.0,16,0,97.706583,2024,1083.8573691600698,-11.082018451928,2130119,508.82479765687725,6.2340671326909245,0.7168625610229813,66.0863405104185
충남,2024,4-2. 사회적 가치관,0.0,0,0,100.0,2024,0.0,-100.0,2136574,0.0,0.0,-3.9412030013748467,0.0
충북,2016,1-1. 고용여건,2753.0,13,0,83.786765,2024,3285.7217962765358,,1591625,2064.3818715316334,7.633070413979666,-0.6211515870378004,68.3287344598536
충북,2017,1-1. 고용여건,5991.0,14,1,85.339636,2024,7020.18461855169,113.65730435568655,1594432,4402.937609475782,8.390254330956521,-0.1884892106714532,75.10679571101517
충북,2018,1-1. 고용여건,4430.0,13,0,86.797969,2024,5103.806057950504,-27.2981219829593,1599252,3191.370752045646,8.068519102215005,-0.37233190134013233,72.22672781975126
충북,2019,1-1. 고용여건,9394.0,14,0,87.068452,2024,10789.212147701903,111.39541795274339,1600007,6743.228090690793,8.816442320386573,0.055038820169220265,78.92189034271294
충북,2020,1-1. 고용여건,33262.0,38,0,87.535014,2024,37998.508802431905,252.18983816650197,1600837,23736.650766087932,10.074817706489014,0.7740869572265792,90.18645269370799
충북,2021,1-1. 고용여건,36349.28,49,0,89.802171,2024,40477.061517811184,6.522763112274155,1597427,25338.911585825943,10.140135964754045,0.811410455794659,90.77116024680448
충북,2022,1-1. 고용여건,38864.0,48,0,94.590336,2024,41086.6496974913,1.5060089760020823,1595058,25758.718302087636,10.156567244680533,0.8207994515991649,90.91824765751097
충북,2023,1-1. 고용여건,18057.0,53,0,97.706583,2024,18480.842790295923,-55.01983508909869,1593469,11597.867790522389,9.358662768065539,0.36486894485526394,83.77566935676536
충북,2024,1-1. 고용여건,49459.0,63,0,100.0,2024,49459.0,167.62307629157664,1591177,31083.27986138563,10.344457499678953,0.9281618009584424,92.60017938944787
충북,2016,1-2. 주거안정성,34.0,1,0,83.786765,2024,40.579201261678975,,1591625,25.495453553242108,3.2769731542447853,-1.1472968212589318,26.474358469372685
충북,2017,1-2. 주거안정성,34.4,1,0,85.339636,2024,40.30952276384211,-0.6645732036414831,1594432,25.281431107655962,3.26886264828502,-1.149761256604567,26.40883445314183
충북,2018,1-2. 주거안정성,38.0,1,0,86.797969,2024,43.77982623072667,8.609140542833327,1599252,27.37518929519967,3.3455151469757785,-1.1264698456812685,27.02810279389207
충북,2019,1-2. 주거안정성,25367.0,4,0,87.068452,2024,29134.548067995973,66447.88421144537,1600007,18209.01287806614,9.809726879918886,0.8377272038447532,79.25186252112144
충북,2020,1-2. 주거안정성,6330.0,5,0,87.535014,2024,7231.392000462809,-75.17932324336816,1600837,4517.256910268072,8.415881559127088,0.41419731656669434,67.99111702929451
충북,2021,1-2. 주거안정성,57463.0,10,0,89.802171,2024,63988.43074740364,784.8701708233821,1597427,40057.18617965243,10.598088330602447,1.0772764790489067,85.62096066945259
충북,2022,1-2. 주거안정성,8111.0,12,0,94.590336,2024,8574.871750111979,-86.59934045896271,1595058,5375.899653875897,8.589867214533232,0.4670641045258514,69.39673080546612
충북,2023,1-2. 주거안정성,4509.0,14,0,97.706583,2024,4614.837466990326,-46.18184852817115,1593469,2896.094914297251,7.971463760193392,0.2791577842175614,64.40070735385981
충북,2024,1-2. 주거안정성,18394.0,20,0,100.0,2024,18394.0,298.5839183193612,1591177,11559.996153790558,9.355392310986966,0.6996743898804666,75.58133619186209
충북,2016,1-3. 경제적 여건,30085.0,33,2,83.786765,2024,35906.625586988586,,1591625,22559.72706321438,10.023965933072047,-0.4364902224609216,66.9726692533968
충북,2017,1-3. 경제적 여건,30444.0,30,1,85.339636,2024,35673.92764600027,-0.6480640750397781,1594432,22374.06653027553,10.01570251655877,-0.44245622597734136,66.86906896526781
충북,2018,1-3. 경제적 여건,35015.0,36,2,86.797969,2024,40340.80567023406,13.082041513746901,1599252,25224.79613608991,10.135622406114836,-0.35587672443210716,68.37253125479958
충북,2019,1-3. 경제적 여건,39055.0,34,0,87.068452,2024,44855.51207456864,11.191413580680699,1600007,28034.57239535117,10.241229425518997,-0.27963079780943995,69.69654991235325
충북,2020,1-3. 경제적 여건,135024.0,36,0,87.535014,2024,154251.4176098721,243.8850889795699,1600837,96356.72939210682,11.475822892649878,0.6117183135923031,85.17492241256942
충북,2021,1-3. 경제적 여건,138376.0,36,0,89.802171,2024,154089.81593551897,-0.10476511454944326,1597427,96461.25671815926,11.476907088727268,0.612501079122735,85.18851521959122
충북,2022,1-3. 경제적 여건,163657.59999999998,45,0,94.590336,2024,173017.25199496065,12.283378979024896,1595058,108470.82174752308,11.594245710836745,0.6972169628001751,86.65961558584648
충북,2023,1-3. 경제적 여건,238264.0,43,0,97.706583,2024,243856.64986360233,40.94354583247279,1593469,153035.07621648262,11.938428964844539,0.9457096413919079,90.97471748432784
충북,2024,1-3. 경제적 여건,273338.0,39,0,100.0,2024,273338.0,12.0896232080969,1591177,171783.5287966078,12.05399623090684,1.0291466452755846,92.42360996640207
충북,2016,2-1. 돌봄 여건,388972.0,116,0,83.786765,2024,464240.384504641,,1591625,291676.9870444615,12.583405688642316,-0.015414614037483884,48.52406282733595
충북,2017,2-1. 돌봄 여건,540899.0,131,5,85.339636,2024,633819.2021348673,36.528234787495315,1594432,397520.37222965126,12.893003978246625,0.5043634439470864,55.090831011188236
충북,2018,2-1. 돌봄 여건,400360.0,114,0,86.797969,2024,461255.03236141393,-27.22608737510832,1599252,288419.2312164774,12.572173831781635,-0.03427154233016519,48.285828306168
충북,2019,2-1. 돌봄 여건,525572.0,123,0,87.068452,2024,603630.8076316782,30.867039984662203,1600007,377267.6042240304,12.840712690785983,0.4165727010442639,53.98170097294387
충북,2020,2-1. 돌봄 여건,553769.0,113,0,87.535014,2024,632625.7056404881,4.803415869804639,1600837,395184.3352199431,12.887110136930373,0.49446839770071876,54.965819049120526
충북,2021,2-1. 돌봄 여건,588393.5,110,0,89.802171,2024,655210.7743586733,3.570052325856632,1597427,410166.3327079567,12.924320483974677,0.5569400668702734,55.75507316093407
충북,2022,2-1. 돌봄 여건,547626.5,120,0,94.590336,2024,578945.5066530264,-11.63980671415179,1595058,362962.04066123394,12.802056291703114,0.35167328551567534,53.16177521713909
충북,2023,2-1. 돌봄 여건,464395.0,119,0,97.706583,2024,475295.5079802555,-17.90323916183193,1593469,298277.222826585,12.605781963568992,0.022152443394201738,48.998677239610096
충북,2024,2-1. 돌봄 여건,556354.0,121,0,100.0,2024,556354.0,17.05433580977831,1591177,349649.34762128914,12.7646889273294,0.2889380032536377,52.36919067218784
충북,2016,2-2. 여가 인프라,607.0,32,0,83.786765,2024,724.4580931129159,,1591625,455.1688325534695,6.122862987817727,-1.215989088430723,53.94868810834712
충북,2017,2-2. 여가 인프라,590.0,29,2,85.339636,2024,691.3551869379897,-4.569333476928472,1594432,433.60594050921566,6.074439736641049,-1.248539224655123,53.52202971665677
충북,2018,2-2. 여가 인프라,701.0,30,1,86.797969,2024,807.6225838878788,16.817317515883133,1599252,505.0002025246045,6.22653706953364,-1.1462993133580015,54.86216285219477
충북,2019,2-2. 여가 인프라,575.0,24,0,87.068452,2024,660.3999345250792,-18.22913973679051,1600007,412.74815330500377,6.025257463370143,-1.2815995759510872,53.08868356365109
충북,2020,2-2. 여가 인프라,118991.0,36,0,87.535014,2024,135935.31840869985,20483.787384300176,1600837,84915.15276614661,11.34941961057692,2.2973051642544564,100.0
충북,2021,2-2. 여가 인프라,80014.0,21,0,89.802171,2024,89100.29580465265,-34.45390289463563,1597427,55777.38188014391,10.929141651799506,2.0147940879038777,96.29692113607517
충북,2022,2-2. 여가 인프라,75314.0,32,0,94.590336,2024,79621.24164565819,-10.638633770393701,1595058,49917.458578721395,10.81814612473648,1.9401828332192537,95.31893696709099
충북,2023,2-2. 여가 인프라,95838.0,38,0,97.706583,2024,98087.55670024813,23.19269917539264,1593469,61555.98678119758,11.027718639080986,2.0810575932785134,97.1654852623818
충북,2024,2-2. 여가 인프라,100242.0,43,0,100.0,2024,100242.0,2.1964491442434175,1591177,62998.64817050523,11.050884420762921,2.0966296445383614,97.36959950325756
충북,2016,2-3. 가사수행 격차,0.0,1,0,83.786765,2024,0.0,,1591625,0.0,0.0,-0.931640529002546,0.0
충북,2017,2-3. 가사수행 격차,0.0,0,0,85.339636,2024,0.0,,1594432,0.0,0.0,-0.931640529002546,0.0
충북,2018,2-3. 가사수행 격차,0.0,0,0,86.797969,2024,0.0,,1599252,0.0,0.0,-0.931640529002546,0.0
충북,2019,2-3. 가사수행 격차,0.0,0,0,87.068452,2024,0.0,,1600007,0.0,0.0,-0.931640529002546,0.0
충북,2020,2-3. 가사수행 격차,0.0,0,0,87.535014,2024,0.0,,1600837,0.0,0.0,-0.931640529002546,0.0
충북,2021,2-3. 가사수행 격차,1.0,1,0,89.802171,2024,1.1135588247638244,inf,1597427,0.6970952818274792,0.5289181318930289,-0.601909933853879,8.032493919322619
충북,2022,2-3. 가사수행 격차,0.0,0,0,94.590336,2024,0.0,-100.0,1595058,0.0,0.0,-0.931640529002546,0.0
충북,2023,2-3. 가사수행 격차,0.0,0,0,97.706583,2024,0.0,,1593469,0.0,0.0,-0.931640529002546,0.0
충북,2024,2-3. 가사수행 격차,0.0,0,0,100.0,2024,0.0,,1591177,0.0,0.0,-0.931640529002546,0.0
충북,2016,3-1. 의료서비스 여건,4930.0,25,0,83.786765,2024,5883.984182943452,,1591625,3696.8407652201063,8.215504351317461,-0.5810929047168876,32.892906240801835
충북,2017,3-1. 의료서비스 여건,6836.0,26,0,85.339636,2024,8010.345860861184,36.13812702083137,1594432,5023.949507323726,8.522170684583006,-0.287148689770162,37.67951684847508
충북,2018,3-1. 의료서비스 여건,10223.0,31,0,86.797969,2024,11777.925356755757,47.033917902385355,1599252,7364.646320127007,8.904582080664492,0.07939828788753486,43.64839652785537
충북,2019,3-1. 의료서비스 여건,5203.0,31,0,87.068452,2024,5975.758016233021,-49.263067686149355,1600007,3734.8324202538,8.225725942950248,-0.5712953579956312,33.052450258613646
충북,2020,3-1. 의료서비스 여건,3623.0,29,0,87.535014,2024,4138.915200264891,-30.738239583637515,1600837,2585.469476445691,7.858049088270395,-0.9237190598480498,27.313555108089943
충북,2021,3-1. 의료서비스 여건,4290.9,26,0,89.802171,2024,4778.169561179094,15.444973621911618,1597427,2991.1661447935294,8.003752867229634,-0.7840598332714596,29.587776886913204
충북,2022,3-1. 의료서비스 여건,4627.0,21,0,94.590336,2024,4891.620217947001,2.374353930209039,1595058,3066.7350139913415,8.028694787828456,-0.7601526335745958,29.977083598356767
충북,2023,3-1. 의료서비스 여건,4963.0,22,0,97.706583,2024,5079.493978414945,3.840726632428426,1593469,3187.695511123809,8.067367181461746,-0.7230845724490049,30.580702807606357
충북,2024,3-1. 의료서비스 여건,6710.0,22,0,100.0,2024,6710.0,32.09977270400968,1591177,4217.004142216736,8.347117343071604,-0.45493990602934664,34.94719154734211
충북,2016,3-2. 산후조리 여건,2033.0,2,0,83.786765,2024,2426.397534264511,,1591625,1524.4781492276827,7.330063180375138,-0.629000328727568,74.91460515102528
충북,2017,3-2. 산후조리 여건,1758.0,2,0,85.339636,2024,2060.004099384722,-15.100305275856208,1594432,1291.9987176528832,7.164719387010255,-0.7883260888257639,73.2247609178588
충북,2018,3-2. 산후조리 여건,2233.0,4,0,86.797969,2024,2572.640841400333,24.885229217200312,1599252,1608.6525709521281,7.383773640251866,-0.5772447734029197,75.46353601221047
충북,2019,3-2. 산후조리 여건,3946.0,7,0,87.068452,2024,4532.066333279935,76.16397362381345,1600007,2832.529065985296,7.949278233536696,-0.03232290285351274,81.2430978351491
충북,2020,3-2. 산후조리 여건,5005.0,9,0,87.535014,2024,5717.712000365934,26.161260226478777,1600837,3571.7015538533487,8.18107732636607,0.19103937705747973,83.61212755377011
충북,2021,3-2. 산후조리 여건,7047.9,11,0,89.802171,2024,7848.251241052958,37.262094357859745,1597427,4913.05783679189,8.499855322810781,0.4982147814226767,86.87009779861434
충북,2022,3-2. 산후조리 여건,6789.0,11,0,94.590336,2024,7177.265973555693,-8.549487610532235,1595058,4499.68964987837,8.41198591954451,0.4135435689153012,85.9720562008048
충북,2023,3-2. 산후조리 여건,6005.0,14,0,97.706583,2024,6145.952315208894,-14.36917152222903,1593469,3856.9638412852046,8.257894821022894,0.26506093829037336,84.3972165958829
충북,2024,3-2. 산후조리 여건,7397.0,13,0,100.0,2024,7397.0,20.355636045129067,1591177,4648.7600059578535,8.44457088562751,0.44494253698839353,86.30508059744345
충북,2016,3-3. 아동안전 수준,4282.0,4,0,83.786765,2024,5110.592347132629,,1591625,3210.9274151465506,8.0746264767872,0.870249534255927,82.74714313132303
충북,2017,3-3. 아동안전 수준,4287.0,5,0,85.339636,2024,5023.45709559858,-1.7049931909152827,1594432,3150.624859259335,8.055673427162272,0.8620023272532908,82.55291610241987
충북,2018,3-3. 아동안전 수준,4316.0,6,0,86.797969,2024,4972.466579258324,-1.0150483097572938,1599252,3109.2451841600473,8.042456839416277,0.856251277307937,82.41747517755859
충북,2019,3-3. 아동안전 수준,4367.0,6,0,87.068452,2024,5015.593937514819,0.8673232402685693,1600007,3134.73249649209,8.050618076968481,0.8598025483077341,82.50110989351758
충북,2020,3-3. 아동안전 수준,82.0,3,0,87.535014,2024,93.67680000599532,-98.13228899362592,1600837,58.517388095099825,4.086268506751135,-0.8652397105059687,41.87525527938607
충북,2021,3-3. 아동안전 수준,106.0,4,0,89.802171,2024,118.03723542496539,26.00476896884929,1597427,73.89209987371278,4.316048409308862,-0.7652535626859008,44.229993364213364
충북,2022,3-3. 아동안전 수준,12.5,3,0,94.590336,2024,13.214880640660798,-88.80448140530933,1595058,8.284890355498545,2.22838838595719,-1.6736754105907496,22.836074616586505
충북,2023,3-3. 아동안전 수준,0.0,0,0,97.706583,2024,0.0,-100.0,1593469,0.0,0.0,-2.6433336273395467,0.0
충북,2024,3-3. 아동안전 수준,184.0,3,0,100.0,2024,184.0,inf,1591177,115.63766947360351,4.75907228755322,-0.5724766901879603,48.77001269130749
충북,2016,4-1. 일·가정 양립 여건,810.0,14,0,83.786765,2024,966.7397947635286,,1591625,607.3916875919444,6.410818897556668,0.2380108894635453,58.11472493781142
충북,2017,4-1. 일·가정 양립 여건,84060.0,15,0,85.339636,2024,98500.53731187698,10088.939965585145,1594432,61777.82264271978,11.031315909034907,2.6996566137617672,100.0
충북,2018,4-1. 일·가정 양립 여건,200.0,17,8,86.797969,2024,230.42013805645615,-99.76607220189379,1599252,144.07994365894564,4.97728492606989,-0.5257278950828573,45.11959377387948
충북,2019,4-1. 일·가정 양립 여건,564.0,19,0,87.068452,2024,647.7661966472082,181.12395127916136,1600007,404.8521016765603,6.005988811650251,0.022331007502105375,54.44489905987739
충북,2020,4-1. 일·가정 양립 여건,643.0,22,0,87.535014,2024,734.5632000470121,13.399433908261816,1600837,458.861957867673,6.130926352854633,0.08889353602362132,55.577470570245026
충북,2021,4-1. 일·가정 양립 여건,579.0,18,0,89.802171,2024,644.7505595382544,-12.226673008259825,1597427,403.6181681781104,6.002943827774204,0.02070874229548188,54.41729597153184
충북,2022,4-1. 일·가정 양립 여건,615.4,17,0,94.590336,2024,650.5950037010124,0.9064659310948908,1595058,407.8817219819043,6.0134259259114975,0.02629325235949503,54.51231725660545
충북,2023,4-1. 일·가정 양립 여건,300.0,13,0,97.706583,2024,307.04174763741355,-52.80600897781906,1593469,192.6876190483866,5.266246650189335,-0.3717787872493474,47.73906117470678
충북,2024,4-1. 일·가정 양립 여건,488.0,13,0,100.0,2024,488.0,58.936041679999995,1591177,306.6912103430354,5.729096716248996,-0.125187807258129,51.934844070204996
충북,2016,4-2. 사회적 가치관,166.0,15,0,83.786765,2024,198.1219826305503,,1591625,124.47780264229972,4.832128871552154,-0.33065909631913304,51.22461904862073
충북,2017,4-2. 사회적 가치관,221.0,17,0,85.339636,2024,258.96524798863686,30.710002267413493,1594432,162.41849636023164,5.096314372838669,-0.13326093562651017,54.0252069512409
충북,2018,4-2. 사회적 가치관,324.0,23,2,86.797969,2024,373.280623651459,44.14313370257239,1599252,233.40950872749195,5.457069623123636,0.13629368610584572,57.84951519236225
충북,2019,4-2. 사회적 가치관,341.0,37,0,87.068452,2024,391.64587421400347,4.919958175941264,1600007,244.77760048175006,5.504427063938545,0.17167894255046173,58.35154378666214
충북,2020,4-2. 사회적 가치관,608.0,38,0,87.535014,2024,694.579200044453,77.34878515914623,1600837,433.88502392464255,6.075081683334981,0.5980693830214479,64.40096139615743
충북,2021,4-2. 사회적 가치관,245.8,16,0,89.802171,2024,273.7127591269481,-60.59300953592759,1597427,171.34602027319437,5.149504201737146,-0.09351774631072793,54.58906375121707
충북,2022,4-2. 사회적 가치관,326.0,23,0,94.590336,2024,344.6440871084336,25.914512793533163,1595058,216.06994047140205,5.38021960793076,0.07887171716962638,57.03484057238025
충북,2023,4-2. 사회적 가치관,207.0,19,0,97.706583,2024,211.85880586981534,-38.52823425832944,1593469,132.95445714338675,4.897499870117033,-0.28181419447362077,51.917606464173296
충북,2024,4-2. 사회적 가치관,205.0,21,0,100.0,2024,205.0,-3.237441956521736,1591177,128.83544696787348,4.866267856108694,-0.3051506080540399,51.586520919431926
